"item","imdb","ia"
"http://www.wikidata.org/entity/Q681774","tt0038390","CaesarAndCleopatra"
"http://www.wikidata.org/entity/Q1198767","tt0045659","the-cruel-sea-1953"
"http://www.wikidata.org/entity/Q1214975","tt0062873","the-young-girls-of-rochefort"
"http://www.wikidata.org/entity/Q2061752","tt0048261","kissmedeadly1955_202001"
"http://www.wikidata.org/entity/Q2061752","tt0048261","kiss-me-deadly-1955"
"http://www.wikidata.org/entity/Q2061752","tt0048261","1955-kiss-me-deadly-el-beso-mortal-robert-aldrich-vose"
"http://www.wikidata.org/entity/Q4922071","tt0046790","1954-black-tuesday-martes-negro-hugo-fregonese-vo"
"http://www.wikidata.org/entity/Q4922071","tt0046790","1954-black-tuesday-martes-negro-hugo-fregonese-vose"
"http://www.wikidata.org/entity/Q4922071","tt0046790","black-tuesday-1954"
"http://www.wikidata.org/entity/Q1145140","tt0035753","le-corbeau"
"http://www.wikidata.org/entity/Q2336169","tt0017739","The_Cat_and_the_Canary"
"http://www.wikidata.org/entity/Q3536572","tt0032842","night-train-to-munich"
"http://www.wikidata.org/entity/Q3536572","tt0032842","night-train-to-munich-1940"
"http://www.wikidata.org/entity/Q3536572","tt0032842","NightTrainToMunich"
"http://www.wikidata.org/entity/Q256416","tt0023622","trouble-in-paradise"
"http://www.wikidata.org/entity/Q525026","tt0052050","1958-party-girl-chicago-anos-30-nicholas-ray-vose"
"http://www.wikidata.org/entity/Q854990","tt0080979","kagemusha_202012"
"http://www.wikidata.org/entity/Q1106127","tt0040843","1948-the-street-with-no-name-la-calle-sin-nombre-william-keighley-vo"
"http://www.wikidata.org/entity/Q1106127","tt0040843","1948-the-street-with-no-name-la-calle-sin-nombre-william-keighley-ve"
"http://www.wikidata.org/entity/Q1214977","tt0042727","TheMan_201607"
"http://www.wikidata.org/entity/Q1808904","tt0023940","design-for-living-1933"
"http://www.wikidata.org/entity/Q1858285","tt0035085","MoscowStrikesBack"
"http://www.wikidata.org/entity/Q2542754","tt0029217","1937-marked-woman-la-mujer-marcada-lloyd-bacon-vose"
"http://www.wikidata.org/entity/Q3180788","tt0047073","hell-and-high-water-1954"
"http://www.wikidata.org/entity/Q7033877","tt0049553","1956-nightmare-noche-de-pesadilla-maxwell-shane-vose"
"http://www.wikidata.org/entity/Q471306","tt0023427","scarface-1932_202109"
"http://www.wikidata.org/entity/Q471306","tt0023427","scarface-1932-colorized-movie-720p-hd"
"http://www.wikidata.org/entity/Q471306","tt0023427","1932-scarface-scarface-el-terror-del-hampa-howard-hawks-vose"
"http://www.wikidata.org/entity/Q578809","tt0047573","them-1954-colorized"
"http://www.wikidata.org/entity/Q852841","tt0055601","viridiana_202108"
"http://www.wikidata.org/entity/Q1060150","tt0039396","framed1947_202002"
"http://www.wikidata.org/entity/Q1060150","tt0039396","framed-1947-colorized"
"http://www.wikidata.org/entity/Q1168531","tt0044829","the-lavender-hill-mob_202105"
"http://www.wikidata.org/entity/Q1263875","tt0051713","1957-hell-drivers-ruta-infernal-desafio-al-miedo-cy-endfield-vose"
"http://www.wikidata.org/entity/Q1511625","tt0049291","the-harder-they-fall-1956"
"http://www.wikidata.org/entity/Q1511625","tt0049291","1956-the-harder-they-fall-mas-dura-sera-la-caida-mark-robson-vose"
"http://www.wikidata.org/entity/Q1774998","tt0041786","1949-the-reckless-moment-almas-desnudas-max-ophuls-vose"
"http://www.wikidata.org/entity/Q1774998","tt0041786","reckless-moment-1949"
"http://www.wikidata.org/entity/Q1774998","tt0041786","therecklessmoment1949"
"http://www.wikidata.org/entity/Q2309514","tt0045564","blue-gardenia-1953"
"http://www.wikidata.org/entity/Q2309514","tt0045564","thebluegardenia1953"
"http://www.wikidata.org/entity/Q2309514","tt0045564","1953-the-blue-gardenia-gardenia-azul-fritz-lang-vose"
"http://www.wikidata.org/entity/Q2329874","tt0033740","1941-i-wake-up-screaming-quien-mato-a-vicky-h.-bruce-humberstone-vose"
"http://www.wikidata.org/entity/Q2651105","tt0039017","Terror_By_Night"
"http://www.wikidata.org/entity/Q2651105","tt0039017","terror_by_night_ipod"
"http://www.wikidata.org/entity/Q2651105","tt0039017","TerrorByNight1946"
"http://www.wikidata.org/entity/Q2651105","tt0039017","TerrorByNight720p1946"
"http://www.wikidata.org/entity/Q2651105","tt0039017","TerrorByNight"
"http://www.wikidata.org/entity/Q3031451","tt0043390","cause_for_alarm_1951"
"http://www.wikidata.org/entity/Q3031451","tt0043390","cause_for_alarm"
"http://www.wikidata.org/entity/Q3031451","tt0043390","1951-cause-for-alarm-motivo-de-alarma-tay-garnett-vose"
"http://www.wikidata.org/entity/Q3031451","tt0043390","cause-for-alarm-1951-remastered-movie-720p-hd"
"http://www.wikidata.org/entity/Q3181879","tt0093603","nayakan-1987"
"http://www.wikidata.org/entity/Q3213886","tt0011508","Neighbors"
"http://www.wikidata.org/entity/Q4104532","tt0046001","TheLimpingMan"
"http://www.wikidata.org/entity/Q4104532","tt0046001","limping-man-1953"
"http://www.wikidata.org/entity/Q5095572","tt0041243","chicago-deadline-1949"
"http://www.wikidata.org/entity/Q5095572","tt0041243","1949chicagodeadlineelmisteriodeunadesconocidalewisallen"
"http://www.wikidata.org/entity/Q16249273","tt0050249","1957-chicago-confidential-crimen-s.-a.-sidney-salkow-vo"
"http://www.wikidata.org/entity/Q16249273","tt0050249","1957-chicago-confidential-crimen-s.-a.-sidney-salkow-ve"
"http://www.wikidata.org/entity/Q931739","tt0045201","hunted_202106"
"http://www.wikidata.org/entity/Q1953971","tt0036260","phantom-lady-1944"
"http://www.wikidata.org/entity/Q1953971","tt0036260","1944-phantom-lady-la-dama-desconocida-robert-siodmak-vose"
"http://www.wikidata.org/entity/Q3178503","tt0044364","1951-another-mans-poison-veneno-para-tus-labios-irving-rapper-vose"
"http://www.wikidata.org/entity/Q3178503","tt0044364","AnotherMansPoison51"
"http://www.wikidata.org/entity/Q3178503","tt0044364","AnotherMan_809"
"http://www.wikidata.org/entity/Q3225125","tt0047879","bighouseu.s.a.1955_201909"
"http://www.wikidata.org/entity/Q3514179","tt0047370","privatehell361954_202001"
"http://www.wikidata.org/entity/Q3514179","tt0047370","ph884535312"
"http://www.wikidata.org/entity/Q753141","tt0053976","the-virgin-spring"
"http://www.wikidata.org/entity/Q2177681","tt0040829","amazing_mr_x"
"http://www.wikidata.org/entity/Q2177681","tt0040829","TheAmazingMr.X1948Avi"
"http://www.wikidata.org/entity/Q2177681","tt0040829","the-amazing-mr-x-1948-remastered-edition-720p-hd"
"http://www.wikidata.org/entity/Q59317","tt0036613","1944-arsenic-and-old-lace-arsenico-por-compasion-frank-capra-vose"
"http://www.wikidata.org/entity/Q59317","tt0036613","1944-arsenic-and-old-lace-este-mundo-e-um-hospicio-frank-capra-legendado"
"http://www.wikidata.org/entity/Q884223","tt0027652","1936furyfuriafritzlangvose"
"http://www.wikidata.org/entity/Q1199039","tt0014341","OurHospitality_29"
"http://www.wikidata.org/entity/Q1412513","tt0042546","harvey-colorized"
"http://www.wikidata.org/entity/Q1436866","tt0051790","ivan-the-terrible-part-ii-1958"
"http://www.wikidata.org/entity/Q1498122","tt0037469","thewomaninthewindow1944"
"http://www.wikidata.org/entity/Q1498122","tt0037469","1944-the-woman-in-the-window-la-mujer-del-cuadro-fritz-lang"
"http://www.wikidata.org/entity/Q1546792","tt0038733","Lbines-RetroVisionTheaterPresentsAMatterOfLifeAndDeath502"
"http://www.wikidata.org/entity/Q1546792","tt0038733","amoflad"
"http://www.wikidata.org/entity/Q1856418","tt0048021","rififi-1955"
"http://www.wikidata.org/entity/Q1856418","tt0048021","rififi-1955-colorized-movie-720p-hd"
"http://www.wikidata.org/entity/Q210873","tt0037865","leave-her-to-heaven-1945_202110"
"http://www.wikidata.org/entity/Q210873","tt0037865","que-el-cielo-la-juzgue-1946-vose"
"http://www.wikidata.org/entity/Q1093085","tt0045555","1953thebigheatlossobornadosfritzlang"
"http://www.wikidata.org/entity/Q1219927","tt0031867","1939theroaringtwentiesraoulwalsh"
"http://www.wikidata.org/entity/Q1311296","tt0046187","pickuponsouthstreet1953_202001"
"http://www.wikidata.org/entity/Q1311296","tt0046187","pickup-on-south-street-1953"
"http://www.wikidata.org/entity/Q1311296","tt0046187","1953-pickup-on-south-street-manos-peligrosas-samuel-fuller-vose"
"http://www.wikidata.org/entity/Q1311296","tt0046187","7.7-pickup-on-south-street-1953-richard-widmark"
"http://www.wikidata.org/entity/Q1311296","tt0046187","PickupOnSouthStreet"
"http://www.wikidata.org/entity/Q1570221","tt0041859","1949thesetupnadiepuedevencermecombatetrucadorobertwise"
"http://www.wikidata.org/entity/Q164008","tt0048977","1956-the-bad-seed-la-mala-semilla-mervyn-le-roy-legendado"
"http://www.wikidata.org/entity/Q164008","tt0048977","1956-the-bad-seed-la-mala-semilla-mervyn-le-roy-vose"
"http://www.wikidata.org/entity/Q190575","tt0020530","UnChienAndalou_313"
"http://www.wikidata.org/entity/Q190575","tt0020530","un-chien-andalou__1929-film__luis_bunuel"
"http://www.wikidata.org/entity/Q2298679","tt0037635","dead-of-night_20210519"
"http://www.wikidata.org/entity/Q425904","tt0042788","nightandthecity1950"
"http://www.wikidata.org/entity/Q599466","tt0038975","1945-the-spiral-staircase-la-escalera-de-caracol-robert-siodmak-vose"
"http://www.wikidata.org/entity/Q599466","tt0038975","tss32236"
"http://www.wikidata.org/entity/Q1970114","tt0014497","SoulsForSale1923"
"http://www.wikidata.org/entity/Q3100955","tt0036094","LadyofBurlesque"
"http://www.wikidata.org/entity/Q4558232","tt0034610","Conquerb1943"
"http://www.wikidata.org/entity/Q7096829","tt0046146","gov.archives.arc.2569497"
"http://www.wikidata.org/entity/Q51520","tt0019254","DreyersThePassionOfJoanOfArc"
"http://www.wikidata.org/entity/Q51520","tt0019254","the-passion-of-joan-of-arc_1928"
"http://www.wikidata.org/entity/Q152350","tt0015648","BattleshipPotemkin"
"http://www.wikidata.org/entity/Q152350","tt0015648","ApskaftPresentsTheBattleshipPotemkin"
"http://www.wikidata.org/entity/Q543810","tt0071141","yt-1s.com-ali-fear-eats-the-soul-angst-essen-seele-auf-1974-full-movie-brigitte-"
"http://www.wikidata.org/entity/Q605867","tt0043465","1951-detective-story-brigada-21-william-wyler-vose"
"http://www.wikidata.org/entity/Q623051","tt0063350","Night.Of.The.Living.Dead_1080p"
"http://www.wikidata.org/entity/Q643753","tt0040872","theylivebynight1948_202004"
"http://www.wikidata.org/entity/Q651982","tt0045274","umberto-d-1952-colorized-movie-720p-hd"
"http://www.wikidata.org/entity/Q1076605","tt0046478","ugetsu-1953-restored-720p-hd"
"http://www.wikidata.org/entity/Q1076605","tt0046478","Ugetsu"
"http://www.wikidata.org/entity/Q1199628","tt0055852","cleo-de-5-as-7-1962"
"http://www.wikidata.org/entity/Q1542476","tt0037824","IvanTheTerriblePartOne"
"http://www.wikidata.org/entity/Q1620244","tt0032881","Our_Town"
"http://www.wikidata.org/entity/Q1620244","tt0032881","OurTown720p1940"
"http://www.wikidata.org/entity/Q2419807","tt0040257","1948-cry-of-the-city-una-vida-marcada-robert-siodmak-vose"
"http://www.wikidata.org/entity/Q2419807","tt0040257","cry-of-the-city-1948_202008"
"http://www.wikidata.org/entity/Q2464386","tt0040695","pitfall1948_202001"
"http://www.wikidata.org/entity/Q2464386","tt0040695","pitfall-1948"
"http://www.wikidata.org/entity/Q2464386","tt0040695","1948-pitfall-andre-de-toth-vose"
"http://www.wikidata.org/entity/Q2464386","tt0040695","Pitfalls3648"
"http://www.wikidata.org/entity/Q2747218","tt0055597","v615585"
"http://www.wikidata.org/entity/Q3822622","tt0040947","1948-walk-a-crooked-mile-la-gran-amenaza-gordon-douglas-vose"
"http://www.wikidata.org/entity/Q3825423","tt0039550","larceny1948"
"http://www.wikidata.org/entity/Q10372468","tt0040809","1948-so-evil-my-love-lewis-allen-vo"
"http://www.wikidata.org/entity/Q156497","tt0025913","1935-Triumph-des-Willens-Das-Dokument-vom-Reichsparteitag-1934"
"http://www.wikidata.org/entity/Q156497","tt0025913","TriumphOfTheWillgermanTriumphDesWillens"
"http://www.wikidata.org/entity/Q156497","tt0025913","1935-Triumph-des-Willens"
"http://www.wikidata.org/entity/Q156497","tt0025913","TriumphOfTheWilltriumphDesWillen"
"http://www.wikidata.org/entity/Q518492","tt0040643","night-has-a-thousand-eyes-1948"
"http://www.wikidata.org/entity/Q518492","tt0040643","1948nighthasathousandeyesmilojostienelanochejohnfarrow"
"http://www.wikidata.org/entity/Q518492","tt0040643","1948-night-has-a-thousand-eyes-mil-ojos-tiene-la-noche-john-farrow-vose"
"http://www.wikidata.org/entity/Q578061","tt0040919","unfaithfully-yours"
"http://www.wikidata.org/entity/Q695255","tt0060827","Persona_931"
"http://www.wikidata.org/entity/Q844732","tt0040723","rawdeal1948"
"http://www.wikidata.org/entity/Q844732","tt0040723","1948rawdealjustavenganzaelejecutoranthonymann"
"http://www.wikidata.org/entity/Q1421747","tt0073540","picnic-at-hanging-rock-1975"
"http://www.wikidata.org/entity/Q1784551","tt0028167","Rembrandt"
"http://www.wikidata.org/entity/Q1813235","tt0040160","1948-the-big-clock-el-reloj-asesino-john-farrow-ve"
"http://www.wikidata.org/entity/Q1813235","tt0040160","the-big-clock-1948"
"http://www.wikidata.org/entity/Q1813235","tt0040160","1948thebigclockelrelojasesinojohnfarrow"
"http://www.wikidata.org/entity/Q2479172","tt0040751","ruthless1948"
"http://www.wikidata.org/entity/Q2479172","tt0040751","1948-ruthless-traicion-edgar-g.-ulmer-vose"
"http://www.wikidata.org/entity/Q2479172","tt0040751","r4856"
"http://www.wikidata.org/entity/Q2715975","tt0040202","callnorthside777_1948"
"http://www.wikidata.org/entity/Q2715975","tt0040202","1948callnorthside777yocreoentihenryhathawayvose"
"http://www.wikidata.org/entity/Q3220245","tt0040444","The_Scar_1948"
"http://www.wikidata.org/entity/Q3220245","tt0040444","hollow-triumph-pnm"
"http://www.wikidata.org/entity/Q3220245","tt0040444","1948-hollow-triumph-the-scar-the-man-who-murdered-himself-la-cicatriz-steve-sekely-paul-henreid-vose"
"http://www.wikidata.org/entity/Q3220245","tt0040444","hollow-triumph-1948-remastered-movie-720p-hd"
"http://www.wikidata.org/entity/Q3220245","tt0040444","TheScarAKAHollowTriumphUPGRADE"
"http://www.wikidata.org/entity/Q3731068","tt0040087","AllMySons1948"
"http://www.wikidata.org/entity/Q7137208","tt0020258","ParisBound1929AnnHardingFredricMarchCarmelitaGeraghtyLeslieFenton"
"http://www.wikidata.org/entity/Q676039","tt0032551","the-grapes-of-wrath-1940"
"http://www.wikidata.org/entity/Q1282209","tt0038574","GreatExpectations1946"
"http://www.wikidata.org/entity/Q1304986","tt0018806","lafoulethecrowd1927kingvidorvosttcm"
"http://www.wikidata.org/entity/Q1304986","tt0018806","TheCrowd1928"
"http://www.wikidata.org/entity/Q1569918","tt0015324","sherlockjr1924_201909"
"http://www.wikidata.org/entity/Q1812267","tt0062480","weekend-1967"
"http://www.wikidata.org/entity/Q617997","tt0053226","ROOMATTHETOP_201601"
"http://www.wikidata.org/entity/Q721146","tt0038890","roma-cidade-aberta"
"http://www.wikidata.org/entity/Q738526","tt0060802","closely-watched-trains"
"http://www.wikidata.org/entity/Q2559912","tt0023109","39497"
"http://www.wikidata.org/entity/Q237134","tt0037884","the-lost-weekend-1945"
"http://www.wikidata.org/entity/Q237134","tt0037884","1945-the-lost-weekend-dias-sin-huella-billy-wilder-vose"
"http://www.wikidata.org/entity/Q1414527","tt0029855","Algiers_"
"http://www.wikidata.org/entity/Q1414527","tt0029855","algiers-pnm"
"http://www.wikidata.org/entity/Q1414527","tt0029855","Algiers_868"
"http://www.wikidata.org/entity/Q1414527","tt0029855","algiers-1938-colorized"
"http://www.wikidata.org/entity/Q1620394","tt0033627","49thParallelVideoQualityUpgrade"
"http://www.wikidata.org/entity/Q1620394","tt0033627","49thParallel"
"http://www.wikidata.org/entity/Q1543253","tt0023458","shanghai-express"
"http://www.wikidata.org/entity/Q1543253","tt0023458","shanghai-express-32-1547330587237"
"http://www.wikidata.org/entity/Q1543253","tt0023458","shanghai-express-1932-colorized"
"http://www.wikidata.org/entity/Q1543253","tt0023458","shanghai-express-1932-restored-720p-hd"
"http://www.wikidata.org/entity/Q1543253","tt0023458","shanghai-express-1932-colorized-movie-720p-hd"
"http://www.wikidata.org/entity/Q2437586","tt0038175","iwojima"
"http://www.wikidata.org/entity/Q3522008","tt0035120","TheNewSpirit"
"http://www.wikidata.org/entity/Q5718720","tt0034843","HenryBro1942"
"http://www.wikidata.org/entity/Q891902","tt0033423","gov.archives.arc.38638"
"http://www.wikidata.org/entity/Q1133887","tt0035794","DerFuehrersFace"
"http://www.wikidata.org/entity/Q1242327","tt0034666","gov.archives.arc.4672291"
"http://www.wikidata.org/entity/Q1640657","tt0036023","gov.fdr.127"
"http://www.wikidata.org/entity/Q1789631","tt0036264","Cartoontheater1930sAnd1950s1"
"http://www.wikidata.org/entity/Q1795389","tt0034498","BattleOfMidway"
"http://www.wikidata.org/entity/Q1795389","tt0034498","the_battle_of_midway"
"http://www.wikidata.org/entity/Q1795389","tt0034498","Battle.of.Midway.1942"
"http://www.wikidata.org/entity/Q6646384","tt0034978","gov.archives.arc.38651"
"http://www.wikidata.org/entity/Q375855","tt0069704","american-graffiti_1973"
"http://www.wikidata.org/entity/Q787289","tt0037783","HitlerLives"
"http://www.wikidata.org/entity/Q1604699","tt0034247","superman_1941"
"http://www.wikidata.org/entity/Q2412800","tt0142655","OswaldTheLuckyRabbitInAMerryOldSoul"
"http://www.wikidata.org/entity/Q2674555","tt0056122","TheJohnGlennStory"
"http://www.wikidata.org/entity/Q7445700","tt0038919","SeedsofDestiny"
"http://www.wikidata.org/entity/Q200299","tt0042192","all.-about.-eve.-1950.720p"
"http://www.wikidata.org/entity/Q207588","tt0045793","from-here-to-eternity-1953_202110"
"http://www.wikidata.org/entity/Q255328","tt0109045","the.-adventures.-of.-priscilla.-queen.-of.-the.-desert.-1994.1080p.-blu-ray.x-265-rarbg"
"http://www.wikidata.org/entity/Q758585","tt0035966","1943-hangmen-also-die-los-verdugos-tambien-mueren-fritz-lang-vose"
"http://www.wikidata.org/entity/Q814296","tt0037558","brief-encounter-1946"
"http://www.wikidata.org/entity/Q946849","tt0021577","LAgeDOr"
"http://www.wikidata.org/entity/Q971265","tt0038988","Martha_Ivers"
"http://www.wikidata.org/entity/Q971265","tt0038988","1946-the-strange-love-of-martha-ivers-el-extrano-amor-de-martha-ivers-lewis-milestone-vo"
"http://www.wikidata.org/entity/Q971265","tt0038988","Martha_Ivers_movie"
"http://www.wikidata.org/entity/Q971265","tt0038988","TheStrangeLoveOfMarthaIvers"
"http://www.wikidata.org/entity/Q1133647","tt0040724","JohnWayneRedRiverRange193853mns_201605"
"http://www.wikidata.org/entity/Q1138382","tt0033717","high-sierra-1941_202108"
"http://www.wikidata.org/entity/Q3145064","tt0024115","1933heroesforsalegloriayhambrewilliamwellman"
"http://www.wikidata.org/entity/Q26060","tt0046438","tokyo-story"
"http://www.wikidata.org/entity/Q353753","tt0041546","kind-hearts-and-coronets"
"http://www.wikidata.org/entity/Q960883","tt0042046","the-window-1949"
"http://www.wikidata.org/entity/Q978770","tt0038991","le-criminel"
"http://www.wikidata.org/entity/Q978770","tt0038991","TheStranger_0"
"http://www.wikidata.org/entity/Q978770","tt0038991","TheStranger720p"
"http://www.wikidata.org/entity/Q978770","tt0038991","1946-the-stranger-el-extrano-orson-welles-ve"
"http://www.wikidata.org/entity/Q978770","tt0038991","1946-the-stranger-el-extrano-orson-welles-vo"
"http://www.wikidata.org/entity/Q978770","tt0038991","the_stranger_film"
"http://www.wikidata.org/entity/Q979726","tt0037913","mildred-pierce-1945_202102"
"http://www.wikidata.org/entity/Q979726","tt0037913","mildred-pierce-colorized"
"http://www.wikidata.org/entity/Q979726","tt0037913","1945mildredpiercealmaensupliciom.curtiz"
"http://www.wikidata.org/entity/Q1436798","tt0039190","bishops-wife-1947"
"http://www.wikidata.org/entity/Q1545826","tt0043338","ace-in-the-hole1951"
"http://www.wikidata.org/entity/Q1545826","tt0043338","1951-ace-in-the-hole-el-gran-carnaval-billy-wilder-vose"
"http://www.wikidata.org/entity/Q1545826","tt0043338","ace-in-the-hole-1951-legendado-pt"
"http://www.wikidata.org/entity/Q2032599","tt0039566","LifeWithFather"
"http://www.wikidata.org/entity/Q2311935","tt0042281","thebreakingpoint1950_202004"
"http://www.wikidata.org/entity/Q3203606","tt0040798","sleepmylove1948"
"http://www.wikidata.org/entity/Q3203606","tt0040798","1948-sleep-my-love-pacto-tenebroso-douglas-sirk-vose"
"http://www.wikidata.org/entity/Q3203606","tt0040798","sleepmylove_201507"
"http://www.wikidata.org/entity/Q94748","tt0000682","Fantasmagori"
"http://www.wikidata.org/entity/Q521387","tt0056218","the-manchurian-candidate"
"http://www.wikidata.org/entity/Q595196","tt0059527","the-shop-on-main-street"
"http://www.wikidata.org/entity/Q816038","tt0019422","SteamboatWillie"
"http://www.wikidata.org/entity/Q816038","tt0019422","steamboat-willie_1928"
"http://www.wikidata.org/entity/Q2659358","tt0036295","red-hot-riding-hood-1943_202109"
"http://www.wikidata.org/entity/Q3227109","tt0038924","SevenVeils"
"http://www.wikidata.org/entity/Q7764491","tt0009620","Sinking_of_the_Lusitania"
"http://www.wikidata.org/entity/Q18218448","tt4044364","Citizen.Four2014"
"http://www.wikidata.org/entity/Q272599","tt0020629","All.Quiet.on.the.Western.Front.1930_201605"
"http://www.wikidata.org/entity/Q431093","tt0018455","AmanecerSunriseASongOfTwoHumans"
"http://www.wikidata.org/entity/Q654474","tt0039881","1947tmenlabrigadasuicidaanthonymann"
"http://www.wikidata.org/entity/Q658204","tt0060176","blow-up.-1966.1080p.-blu-ray."
"http://www.wikidata.org/entity/Q817159","tt0041113","all-the-kings-men-1949-directed-by-robert-rossen-starting-broderick-crawford-joh"
"http://www.wikidata.org/entity/Q817159","tt0041113","1949-all-the-kings-men-el-politico-robert-rossen-vose"
"http://www.wikidata.org/entity/Q1089519","tt0039211","1947borntokillnacidoparamatarrobertwise"
"http://www.wikidata.org/entity/Q1164789","tt0025586","humanbondage"
"http://www.wikidata.org/entity/Q1164789","tt0025586","ohb4354351"
"http://www.wikidata.org/entity/Q1183253","tt0051036","1957-sweet-smell-of-success-alexander-mackendrick-vose"
"http://www.wikidata.org/entity/Q1345583","tt0044391","bad-and-the-beautiful-1952"
"http://www.wikidata.org/entity/Q1401787","tt0038453","1946-the-dark-corner-envuelto-en-la-sombra-henry-hathaway-vose"
"http://www.wikidata.org/entity/Q1516994","tt0073582","DeepRed1975"
"http://www.wikidata.org/entity/Q2062566","tt0037638","Detour"
"http://www.wikidata.org/entity/Q2062566","tt0037638","detour-1945"
"http://www.wikidata.org/entity/Q2062566","tt0037638","detour1945HD"
"http://www.wikidata.org/entity/Q2062566","tt0037638","detour.-1945.1080p.-blu-ray.-remux.-avc.-lpcm.-1.0-fgt"
"http://www.wikidata.org/entity/Q2062566","tt0037638","Detour-WeirdnessBadMovie"
"http://www.wikidata.org/entity/Q2062566","tt0037638","Detour_66"
"http://www.wikidata.org/entity/Q2062566","tt0037638","Detour_movie"
"http://www.wikidata.org/entity/Q2062566","tt0037638","detour-1945-colorized-movie-720p-hd"
"http://www.wikidata.org/entity/Q2062566","tt0037638","detour_ipod"
"http://www.wikidata.org/entity/Q2385766","tt0044075","1951-storm-warning-aviso-de-tormenta-stuart-heisler-vose"
"http://www.wikidata.org/entity/Q2855809","tt0053133","1959oddsagainsttomorrowapuestascontraelmananarobertwise"
"http://www.wikidata.org/entity/Q3024556","tt0039313","desperate1947"
"http://www.wikidata.org/entity/Q3024556","tt0039313","1947desperatedesesperadoanthonymann"
"http://www.wikidata.org/entity/Q3210438","tt0039757","TheRedHouse"
"http://www.wikidata.org/entity/Q3210438","tt0039757","TheRedHouseVideoAudioUpgrade"
"http://www.wikidata.org/entity/Q3210438","tt0039757","1947-the-red-house-la-casa-roja-delmer-daves-ve"
"http://www.wikidata.org/entity/Q3210438","tt0039757","TheRedHouse_123"
"http://www.wikidata.org/entity/Q3210438","tt0039757","the_red_house_ipod"
"http://www.wikidata.org/entity/Q3345534","tt0045161","1952-the-sniper-el-francotirador-edward-dmytryk-vose"
"http://www.wikidata.org/entity/Q11892619","tt0040671","OpenSecret"
"http://www.wikidata.org/entity/Q142751","tt0059825","train-1964"
"http://www.wikidata.org/entity/Q187686","tt0039224","bruteforce1947_202003"
"http://www.wikidata.org/entity/Q187686","tt0039224","1947-brute-force-fuerza-bruta-entre-rejas-jules-dassin-vose"
"http://www.wikidata.org/entity/Q669068","tt0021890","TheFrontPage1931AdolpheMenjouPatOBrienLewismiles"
"http://www.wikidata.org/entity/Q669068","tt0021890","front-page-1931-pat-obrien"
"http://www.wikidata.org/entity/Q685234","tt0039661","1947-nightmare-alley-el-callejon-de-las-almas-perdidas-edmund-goulding-vose"
"http://www.wikidata.org/entity/Q778161","tt0052311","touch-of-evil-1958_202108"
"http://www.wikidata.org/entity/Q778161","tt0052311","1958-touch-of-evil-sed-de-mal-orson-welles"
"http://www.wikidata.org/entity/Q920908","tt0040071","1949-the-accused-la-acusada-william-dieterle-vose"
"http://www.wikidata.org/entity/Q945074","tt0078841","Being.There.1979"
"http://www.wikidata.org/entity/Q1214303","tt0040525","the-lady-from-shanghai-1947"
"http://www.wikidata.org/entity/Q1214303","tt0040525","1947theladyfromshanghailadamadeshanghaiorsonwelles"
"http://www.wikidata.org/entity/Q1305455","tt0042593","1950-in-a-lonely-place-en-un-lugar-solitario-nicholas-ray-vose"
"http://www.wikidata.org/entity/Q1400390","tt0039689","out-of-the-past-1947"
"http://www.wikidata.org/entity/Q1400390","tt0039689","out-of-the-past-colorized"
"http://www.wikidata.org/entity/Q1634259","tt0043879","on-dangerous-ground-1951"
"http://www.wikidata.org/entity/Q3898439","tt0040270","the-dark-past-1948-william-holden-lee-j-cobb-nina-foch"
"http://www.wikidata.org/entity/Q7284102","tt0039748","railroaded1947_202003"
"http://www.wikidata.org/entity/Q7284102","tt0039748","1947-railroaded-el-ultimo-disparo-trampa-para-un-inocente-anthony-mann-vose"
"http://www.wikidata.org/entity/Q12129013","tt0040112","1948-the-argyle-secrets-cy-endfield-vose"
"http://www.wikidata.org/entity/Q20475","tt0055630","yojimbo_202012"
"http://www.wikidata.org/entity/Q136605","tt0065234","z.-1969.720p.-web-dl.-dcrg-31270111854"
"http://www.wikidata.org/entity/Q465087","tt0018037","jazzsinger_Title_1"
"http://www.wikidata.org/entity/Q478209","tt0036775","pacto-de-sangue_1944"
"http://www.wikidata.org/entity/Q478209","tt0036775","1944-double-indemnity-billy-wilder-vose"
"http://www.wikidata.org/entity/Q478209","tt0036775","Double.Indemnity.1944.720p.BrRip.x265.HEVCBay.com.mkv"
"http://www.wikidata.org/entity/Q2013855","tt0039589","1947-lured-el-asesino-poeta-emboscada-douglas-sirk-vos"
"http://www.wikidata.org/entity/Q2013855","tt0039589","1947-lured-el-asesino-poeta-emboscada-douglas-sirk-leg"
"http://www.wikidata.org/entity/Q2247847","tt0039204","bodyandsoul1947"
"http://www.wikidata.org/entity/Q2247847","tt0039204","1947-body-and-soul-cuerpo-y-alma-robert-rossen-vose"
"http://www.wikidata.org/entity/Q2247847","tt0039204","BodyAndSoul_201403"
"http://www.wikidata.org/entity/Q3041083","tt0043938","theprowler1951usadirjosephloseyfeaturingvanheflinevelynkeyesfilmnoirfullmovie"
"http://www.wikidata.org/entity/Q3041083","tt0043938","1951-the-prowler-el-merodeador-joseph-losey-vose"
"http://www.wikidata.org/entity/Q3228415","tt0039941","1947-the-unsuspected-sin-sombra-de-sospecha-michael-curtiz-vose"
"http://www.wikidata.org/entity/Q3828687","tt0039937","1947-the-unfaithful-la-infiel-vincent-sherman-vose"
"http://www.wikidata.org/entity/Q5967486","tt0045902","TheJury_444"
"http://www.wikidata.org/entity/Q208632","tt0025316","horse-ed"
"http://www.wikidata.org/entity/Q211372","tt0047296","1954-on-the-waterfront-la-ley-del-silencio-nido-de-ratas-elia-kazan-vose"
"http://www.wikidata.org/entity/Q244878","tt0057565","high-and-low"
"http://www.wikidata.org/entity/Q257818","tt0050613","throne-of-blood"
"http://www.wikidata.org/entity/Q577754","tt0021156","morocco-30-1538596735589"
"http://www.wikidata.org/entity/Q577754","tt0021156","morocco_202108"
"http://www.wikidata.org/entity/Q678972","tt0041699","stray-dog"
"http://www.wikidata.org/entity/Q794306","tt0048281","the-ladykillers_202105"
"http://www.wikidata.org/entity/Q936477","tt0048254","killerskiss1955_201908"
"http://www.wikidata.org/entity/Q936477","tt0048254","1955-killers-kiss-el-beso-del-asesino-stanley-kubrick-vose"
"http://www.wikidata.org/entity/Q1341875","tt0040979","drunken-angel"
"http://www.wikidata.org/entity/Q2269586","tt0039208","boomerang1947_202003"
"http://www.wikidata.org/entity/Q2269586","tt0039208","1947-boomerang-el-justiciero-elia-kazan-vose"
"http://www.wikidata.org/entity/Q51668","tt0335345","LaPassioneDiCristoSubITAStreamingHD"
"http://www.wikidata.org/entity/Q162331","tt0053198","the-400-blows"
"http://www.wikidata.org/entity/Q162331","tt0053198","les-quatre-cents-coups-1959_202109"
"http://www.wikidata.org/entity/Q778772","tt0039677","odd-man-out-1947-james-mason-kathleen-ryan-robert-newton-cyril-cusack"
"http://www.wikidata.org/entity/Q826494","tt0117631","shine-1996"
"http://www.wikidata.org/entity/Q866120","tt0031679","MrSmithGoesToWashington1939480x360"
"http://www.wikidata.org/entity/Q1170115","tt0024473","ThePrivateLifeofHenryVIII."
"http://www.wikidata.org/entity/Q1170115","tt0024473","ThePrivateLifeOfHenryViii1933"
"http://www.wikidata.org/entity/Q1195631","tt0048347","The.Man.With.the.Golden.Arm.1955.720p.WEBDL.AAC2.0.H.264CtrlHD"
"http://www.wikidata.org/entity/Q1195631","tt0048347","themanwiththegoldenarm1955_202001"
"http://www.wikidata.org/entity/Q1196539","tt0030637","Pygmalion"
"http://www.wikidata.org/entity/Q1197547","tt0039536","kissofdeath1947"
"http://www.wikidata.org/entity/Q1197547","tt0039536","1947kissofdeathelbesodelamuertehenryhathaway"
"http://www.wikidata.org/entity/Q1637967","tt0034272","The_Hamilton_Woman"
"http://www.wikidata.org/entity/Q1967524","tt0012027","Camille1921"
"http://www.wikidata.org/entity/Q589894","tt0031725","ninotchka-1939-3e-3-msf-6-islk"
"http://www.wikidata.org/entity/Q589894","tt0031725","ninotchka-1939-restored-movie-720p-hd"
"http://www.wikidata.org/entity/Q950893","tt0051378","ascenseur-pour-lechafaud-1958-restored-movie-720p-hd"
"http://www.wikidata.org/entity/Q1199902","tt0022286","1931thepublicenemyelenemigopublicowilliama.wellmanvose"
"http://www.wikidata.org/entity/Q1811134","tt0028010","my_man_godfrey"
"http://www.wikidata.org/entity/Q1811134","tt0028010","MyManGodfrey1936"
"http://www.wikidata.org/entity/Q1811134","tt0028010","my-man-godfrey-1936-comedy-classic-tcc-colourized-film-tcm"
"http://www.wikidata.org/entity/Q1811134","tt0028010","MyManGodfrey"
"http://www.wikidata.org/entity/Q2390868","tt0051019","the-strange-one-1957-ben-gazzara-pat-hingle-peter-mark-richman-2102431124148"
"http://www.wikidata.org/entity/Q2403802","tt0037795","1945thehouseon92ndstreethenryhathaway"
"http://www.wikidata.org/entity/Q3089248","tt0041600","LostBoundaries"
"http://www.wikidata.org/entity/Q50714","tt0031971","stagecoach-colorized"
"http://www.wikidata.org/entity/Q175018","tt0038854","the-postman-always-rings-twice-1946-colorized-version"
"http://www.wikidata.org/entity/Q271830","tt0041959","the-third-man-1949"
"http://www.wikidata.org/entity/Q271830","tt0041959","the-third-man-1949-restored-720p-hd"
"http://www.wikidata.org/entity/Q271830","tt0041959","1949-the-third-man-el-tercer-hombre-carol-reed-vose"
"http://www.wikidata.org/entity/Q271830","tt0041959","third-man-1949"
"http://www.wikidata.org/entity/Q271830","tt0041959","the-third-man-1949-colorized-movie-720p-hd"
"http://www.wikidata.org/entity/Q271830","tt0041959","the-third-man_202104"
"http://www.wikidata.org/entity/Q368451","tt0018379","7th-heaven"
"http://www.wikidata.org/entity/Q465773","tt0046268","the-wages-of-fear"
"http://www.wikidata.org/entity/Q500488","tt0028212","Sabotage_1936"
"http://www.wikidata.org/entity/Q1193655","tt0012364","PhantomCarraige"
"http://www.wikidata.org/entity/Q1193655","tt0012364","ThePhantomCarriage_201405"
"http://www.wikidata.org/entity/Q1193655","tt0012364","THEPHANTOMCHARIOT1921KrkarlenVictorSjjstrtm"
"http://www.wikidata.org/entity/Q1302406","tt0039302","dark.-passage-1947_202109"
"http://www.wikidata.org/entity/Q1302406","tt0039302","1947-dark-passage-la-senda-tenebrosa-delmer-daves-vose"
"http://www.wikidata.org/entity/Q1347905","tt0054687","bos448557"
"http://www.wikidata.org/entity/Q1857341","tt0036711","christmas-holiday-1944"
"http://www.wikidata.org/entity/Q1857341","tt0036711","1944christmasholidayluzenelalmarobertsiodmak"
"http://www.wikidata.org/entity/Q2077169","tt0041268","1949-criss-cross-el-abrazo-de-la-muerte-robert-siodmak-vose"
"http://www.wikidata.org/entity/Q2345379","tt0029808","1937-you-only-live-once-solo-se-vive-una-vez-fritz-lang-vose"
"http://www.wikidata.org/entity/Q419838","tt0034012","penny_serenade"
"http://www.wikidata.org/entity/Q419838","tt0034012","penny-serenade"
"http://www.wikidata.org/entity/Q419838","tt0034012","PennySerenade"
"http://www.wikidata.org/entity/Q499639","tt0044079","1951strangersonatrainextranosenuntrenalfredhitchcock"
"http://www.wikidata.org/entity/Q592072","tt0049406","thekilling1956"
"http://www.wikidata.org/entity/Q592072","tt0049406","1956-the-killing-atraco-perfecto-stanley-kubrick-vose"
"http://www.wikidata.org/entity/Q618499","tt0062229","le-samourai-1967"
"http://www.wikidata.org/entity/Q636534","tt0046807","Brigadoon_958"
"http://www.wikidata.org/entity/Q645094","tt0036868","tbyool435345435110"
"http://www.wikidata.org/entity/Q1978802","tt0058390","thenakedkiss1964_202002"
"http://www.wikidata.org/entity/Q1978802","tt0058390","TheNakedKiss_662"
"http://www.wikidata.org/entity/Q2584753","tt0035565","WinningYourWings"
"http://www.wikidata.org/entity/Q272036","tt0018578","wings.-1927.720p.-blu-ray.x-264.-yify"
"http://www.wikidata.org/entity/Q497311","tt0038109","spellbound1945_202001"
"http://www.wikidata.org/entity/Q500044","tt0030341","the-lady-vanishes-1938"
"http://www.wikidata.org/entity/Q572165","tt0074958","Network1976"
"http://www.wikidata.org/entity/Q572165","tt0074958","Network1976ru"
"http://www.wikidata.org/entity/Q1262076","tt0037075","Ministry_of_Fear_Original_Trailer"
"http://www.wikidata.org/entity/Q1483683","tt0018526","1927-underworld-la-ley-del-hampa-josef-von-sternberg-intertitulos-en-ingles"
"http://www.wikidata.org/entity/Q1483683","tt0018526","underworld_1927"
"http://www.wikidata.org/entity/Q1520732","tt0033891","meet_john_doe"
"http://www.wikidata.org/entity/Q1520732","tt0033891","meet_john_doe_ipod"
"http://www.wikidata.org/entity/Q1520732","tt0033891","mjd445878820"
"http://www.wikidata.org/entity/Q1520732","tt0033891","lhomme-de-la-rue"
"http://www.wikidata.org/entity/Q133488","tt0058279","kwaidan_202103"
"http://www.wikidata.org/entity/Q151895","tt0013442","Nosferatu_DVD_quality"
"http://www.wikidata.org/entity/Q151895","tt0013442","PhantasmagoriaTheater-Nosferatu1922909"
"http://www.wikidata.org/entity/Q205321","tt0038669","thekillers1946usafeaturingburtlancasteravagardneredmondobrienfilmnoirfullmovie_202001"
"http://www.wikidata.org/entity/Q205321","tt0038669","killers-1946"
"http://www.wikidata.org/entity/Q205321","tt0038669","1946-the-killers-forajidos-robert-siodmak-vose"
"http://www.wikidata.org/entity/Q205321","tt0038669","os-assassinos-the-killers-1946-legendas-pt"
"http://www.wikidata.org/entity/Q701551","tt0023563","DasTestamentDesDr.Mabuse1933FritzLang"
"http://www.wikidata.org/entity/Q701551","tt0023563","the-testament-of-dr-mabuse"
"http://www.wikidata.org/entity/Q701551","tt0023563","the-testament-of-dr-mabuse-restored-720p-hd"
"http://www.wikidata.org/entity/Q728485","tt0042208","the-asphalt-jungle-1950"
"http://www.wikidata.org/entity/Q728485","tt0042208","the-asphalt-jungle-1950-restored-movie-720p-hd"
"http://www.wikidata.org/entity/Q728485","tt0042208","lajungladeasfalto"
"http://www.wikidata.org/entity/Q918401","tt0013427","nanookOfTheNorth1922"
"http://www.wikidata.org/entity/Q2757468","tt0038965","somewhere-in-the-night-1946"
"http://www.wikidata.org/entity/Q2757468","tt0038965","1946-somewhere-in-the-night-solo-en-la-noche-joseph-l.-mankiewicz-vose"
"http://www.wikidata.org/entity/Q3205604","tt0038409","TheChase_"
"http://www.wikidata.org/entity/Q3205604","tt0038409","thechase1946_202002"
"http://www.wikidata.org/entity/Q3205604","tt0038409","thechasefullmoviegreatquality720p1946"
"http://www.wikidata.org/entity/Q3205604","tt0038409","the-chase-1946-remastered-movie-720p-hd"
"http://www.wikidata.org/entity/Q3205604","tt0038409","the-chase-pnm"
"http://www.wikidata.org/entity/Q3205604","tt0038409","1946-the-chase-acosados-arthur-ripley-vose"
"http://www.wikidata.org/entity/Q3205604","tt0038409","chase_the"
"http://www.wikidata.org/entity/Q5123463","tt0045631","citythatneversleeps1953usafeaturinggigyoungwilliamtalmanfilmnoirfullmovie"
"http://www.wikidata.org/entity/Q5123463","tt0045631","1953-city-that-never-sleeps-la-ciudad-que-nunca-duerme-john-h.-auer-vose"
"http://www.wikidata.org/entity/Q5123463","tt0045631","ctns114455220"
"http://www.wikidata.org/entity/Q105702","tt0057012","DRStrangelove_20130616"
"http://www.wikidata.org/entity/Q128930","tt0038057","scarlet_street_ipod"
"http://www.wikidata.org/entity/Q128930","tt0038057","ScarletStreet"
"http://www.wikidata.org/entity/Q128930","tt0038057","Scarlet.Street.194517"
"http://www.wikidata.org/entity/Q128930","tt0038057","scarlet-street-1945-remastered-movie-720p-hd"
"http://www.wikidata.org/entity/Q128930","tt0038057","1945scarletstreetperversidadmalamujerfritzlang"
"http://www.wikidata.org/entity/Q128930","tt0038057","scarletstreet1946"
"http://www.wikidata.org/entity/Q128930","tt0038057","scarletstreet_ST"
"http://www.wikidata.org/entity/Q486826","tt0049470","themanwhoknewtoomuch"
"http://www.wikidata.org/entity/Q506625","tt0025452","o-homem-que-sabia-demais-1934"
"http://www.wikidata.org/entity/Q766089","tt0040366","force-of-evil-.-1948_202108"
"http://www.wikidata.org/entity/Q766089","tt0040366","1948-force-of-evil-la-fuerza-del-destino-el-poder-del-mal-abraham-polonsky-vose"
"http://www.wikidata.org/entity/Q766089","tt0040366","force-of-evil-1949-004"
"http://www.wikidata.org/entity/Q783258","tt0042530","gun.-crazy.-1950"
"http://www.wikidata.org/entity/Q909528","tt0039482","1947-i-walk-alone-al-volver-a-la-vida-byron-haskin-vose_202207"
"http://www.wikidata.org/entity/Q1509470","tt0034248","1941suspicionsospechaalfredhitchcock"
"http://www.wikidata.org/entity/Q1509470","tt0034248","suspicion-1941"
"http://www.wikidata.org/entity/Q1587353","tt0040636","thenakedcity1948_202003"
"http://www.wikidata.org/entity/Q1587353","tt0040636","1948thenakedcitylaciudaddesnudajulesdassin"
"http://www.wikidata.org/entity/Q2068752","tt0012499","Never_Weaken_1921"
"http://www.wikidata.org/entity/Q2352433","tt0042206","1950-armored-car-robbery-atraco-al-furgon-blindado-richard-fleischer-vo"
"http://www.wikidata.org/entity/Q2352433","tt0042206","armoredcarrobbery1950_201909"
"http://www.wikidata.org/entity/Q2352433","tt0042206","1950-armored-car-robbery-atraco-al-furgon-blindado-richard-fleischer-ve"
"http://www.wikidata.org/entity/Q478366","tt0079817","rocky-ii-hd-720p"
"http://www.wikidata.org/entity/Q577918","tt0040740","roadhouse1948usafeaturingidalupinocornelwilderichardwidmarkfilmnoirfullmovie"
"http://www.wikidata.org/entity/Q577918","tt0040740","1948roadhouseelparadordelcaminojeannegulesco"
"http://www.wikidata.org/entity/Q2292071","tt0039317","1947-the-devil-thumbs-a-ride-autostop-al-infierno-felix-e.-feist-vose"
"http://www.wikidata.org/entity/Q2780022","tt0040427","He_Walked_by_Night_1948"
"http://www.wikidata.org/entity/Q2780022","tt0040427","He_Walked_By_Night.avi"
"http://www.wikidata.org/entity/Q2780022","tt0040427","he-walked-by-night-1948-colorized-720p-hd"
"http://www.wikidata.org/entity/Q2780022","tt0040427","HeWalkedByNight"
"http://www.wikidata.org/entity/Q2780022","tt0040427","HeWalkedByNight720p1948"
"http://www.wikidata.org/entity/Q3222839","tt0040607","moonrise1948_202002"
"http://www.wikidata.org/entity/Q3222839","tt0040607","1948moonrisenochesinlunafrankborzage"
"http://www.wikidata.org/entity/Q3222839","tt0040607","Moonrise_201512"
"http://www.wikidata.org/entity/Q3235245","tt0047417","RiotinCellBlock"
"http://www.wikidata.org/entity/Q3615131","tt0047263","naked-alibi-1954"
"http://www.wikidata.org/entity/Q3615131","tt0047263","1954-naked-alibi-la-ultima-coartada-jerry-hopper-vose"
"http://www.wikidata.org/entity/Q3820118","tt0043075","the-sound-of-fury-1950"
"http://www.wikidata.org/entity/Q3820118","tt0043075","1950-the-sound-of-fury-try-and-get-me-cy-endfield-vose"
"http://www.wikidata.org/entity/Q3820118","tt0043075","tryandgetme1950"
"http://www.wikidata.org/entity/Q5382033","tt0042953","shakedown-1950"
"http://www.wikidata.org/entity/Q5382033","tt0042953","1950-shakedown-joseph-pevney-vose"
"http://www.wikidata.org/entity/Q7744329","tt0042643","thekillerthatstalkednewyork1950"
"http://www.wikidata.org/entity/Q7744329","tt0042643","1950-the-killer-that-stalked-new-york-earl-mcevoy-vose"
"http://www.wikidata.org/entity/Q1077374","tt0031951","son-of-frankenstein-1939-colorized-movie-720p-hd"
"http://www.wikidata.org/entity/Q1416440","tt0065531","le-cercle-rouge"
"http://www.wikidata.org/entity/Q1575490","tt0022879","farewell_to_arms"
"http://www.wikidata.org/entity/Q1575490","tt0022879","farewell_to_arms_ipod"
"http://www.wikidata.org/entity/Q1575490","tt0022879","AFarewllToArms720p1932"
"http://www.wikidata.org/entity/Q839434","tt0120889","WHATDRMS"
"http://www.wikidata.org/entity/Q457382","tt0099878","getvid_20220504"
"http://www.wikidata.org/entity/Q1858039","tt0022454","SvengaliJohnBarrymoreBKCap1931"
"http://www.wikidata.org/entity/Q1858039","tt0022454","Svengali1931_201508"
"http://www.wikidata.org/entity/Q862197","tt0338348","the-polar-express-2004_202202"
"http://www.wikidata.org/entity/Q608370","tt0034881","MarriedToAWitch"
"http://www.wikidata.org/entity/Q1541422","tt0023238","TheMostDangerousGame"
"http://www.wikidata.org/entity/Q1541422","tt0023238","the-most-dangerous-game-1932"
"http://www.wikidata.org/entity/Q1541422","tt0023238","The_Most_Dangerous_Game_32"
"http://www.wikidata.org/entity/Q551823","tt0081455","scanners-1981-1080p"
"http://www.wikidata.org/entity/Q151599","tt0017136","metropolis_20201015"
"http://www.wikidata.org/entity/Q151599","tt0017136","Metropolis1925-ShorterVersion"
"http://www.wikidata.org/entity/Q151599","tt0017136","Metropolis1927_201312"
"http://www.wikidata.org/entity/Q153886","tt0010323","DasKabinettdesDoktorCaligariTheCabinetofDrCaligari"
"http://www.wikidata.org/entity/Q875904","tt0026138","bride-of-frankenstein-1935-colorized-movie-720p-hd_202303"
"http://www.wikidata.org/entity/Q1346590","tt0050706","mon-oncle-1958-720p"
"http://www.wikidata.org/entity/Q1852671","tt0055830","CarnivalofSouls"
"http://www.wikidata.org/entity/Q1852671","tt0055830","CarnivalOfSouls1962"
"http://www.wikidata.org/entity/Q1852671","tt0055830","CarnivalOfSouls_ipod"
"http://www.wikidata.org/entity/Q1852671","tt0055830","CarnivalOfSouls_823"
"http://www.wikidata.org/entity/Q184701","tt0065421","the-aristocats"
"http://www.wikidata.org/entity/Q304923","tt0023649","Vampyr1932"
"http://www.wikidata.org/entity/Q304923","tt0023649","vampyr-alternate-english-intertiles"
"http://www.wikidata.org/entity/Q304923","tt0023649","vampr-german-intertiles"
"http://www.wikidata.org/entity/Q1542184","tt0034587","cat-people"
"http://www.wikidata.org/entity/Q1542184","tt0034587","cat-people-1942-restored-720p-hd"
"http://www.wikidata.org/entity/Q204212","tt0032976","rebecca-1940-film-noir-thirller-hitchcock"
"http://www.wikidata.org/entity/Q204212","tt0032976","1940rebecaalfredhitchcock"
"http://www.wikidata.org/entity/Q204212","tt0032976","RebeccaClassic4050"
"http://www.wikidata.org/entity/Q496266","tt0056923","Charade19631280x696"
"http://www.wikidata.org/entity/Q546829","tt0021884","frankenstein.1931.1080p.bluray.h264.aacrarbg"
"http://www.wikidata.org/entity/Q546829","tt0021884","frankenstein-1931-restored-movie-720p-hd"
"http://www.wikidata.org/entity/Q546829","tt0021884","frankenstein-1931-colorized"
"http://www.wikidata.org/entity/Q546829","tt0021884","frankenstein-1931-colorized-movie-720p-hd"
"http://www.wikidata.org/entity/Q546829","tt0021884","frankenstein__1931"
"http://www.wikidata.org/entity/Q873186","tt0029606","AStarIsBorn"
"http://www.wikidata.org/entity/Q873186","tt0029606","AStarIsBorn1937FullHDMovie"
"http://www.wikidata.org/entity/Q1620069","tt0031593","LoveAffair"
"http://www.wikidata.org/entity/Q2567687","tt0052655","ABucketofBlood"
"http://www.wikidata.org/entity/Q2567687","tt0052655","ABucketOfBlood1959"
"http://www.wikidata.org/entity/Q2567687","tt0052655","ABucketOfBlood1959_931"
"http://www.wikidata.org/entity/Q2567687","tt0052655","BucketOfBlood720p1959"
"http://www.wikidata.org/entity/Q45386","tt0049366","invasion-of-the-body-snatchers-1956-colorized"
"http://www.wikidata.org/entity/Q127021","tt0022100","PhantasmagoriaTheater-MFritzLang1931574"
"http://www.wikidata.org/entity/Q127021","tt0022100","M1931_412"
"http://www.wikidata.org/entity/Q221462","tt0033870","1941themaltesefalconelhalconmaltesjohnhuston"
"http://www.wikidata.org/entity/Q466846","tt0317910","TheFogOfWarElevenLessonsFromTheLifeOfRobertS.Mcnamara"
"http://www.wikidata.org/entity/Q976149","tt0037008","laura_202003"
"http://www.wikidata.org/entity/Q976149","tt0037008","laura-1944-hd-gene-tierney-dana-andrews-clifton-webb-vincent-price"
"http://www.wikidata.org/entity/Q976149","tt0037008","laura-1944"
"http://www.wikidata.org/entity/Q976149","tt0037008","1944-laura-otto-preminger-vose"
"http://www.wikidata.org/entity/Q976149","tt0037008","laura-1944-de-otto-preminger-com-legendas-em-portugues"
"http://www.wikidata.org/entity/Q976149","tt0037008","laura-legendado-pt"
"http://www.wikidata.org/entity/Q976149","tt0037008","laura-1944_202112"
"http://www.wikidata.org/entity/Q1066714","tt0032599","his_girl_friday"
"http://www.wikidata.org/entity/Q1066714","tt0032599","HisGirlFriday1940_201505"
"http://www.wikidata.org/entity/Q1066714","tt0032599","his-girl-friday-colorized"
"http://www.wikidata.org/entity/Q1066714","tt0032599","HisGirlFriday1940"
"http://www.wikidata.org/entity/Q1066714","tt0032599","HisGirlFriday-1940"
"http://www.wikidata.org/entity/Q1066714","tt0032599","HisGirlFriday"
"http://www.wikidata.org/entity/Q1066714","tt0032599","GirlFriday"
"http://www.wikidata.org/entity/Q279378","tt0021814","Dracula1931"
"http://www.wikidata.org/entity/Q279378","tt0021814","dracula-1931_202211"
"http://www.wikidata.org/entity/Q279378","tt0021814","dracula-colorized"
"http://www.wikidata.org/entity/Q465979","tt0036342","shadowofadoubt1943_202003"
"http://www.wikidata.org/entity/Q465979","tt0036342","1943-shadow-of-a-doubt-la-sombra-de-una-duda-alfred-hitchcock-vose"
"http://www.wikidata.org/entity/Q500296","tt0054033","TheLittleShopOfHorrors1960_765"
"http://www.wikidata.org/entity/Q500296","tt0054033","TheLittleShopOfHorrors1960"
"http://www.wikidata.org/entity/Q500296","tt0054033","y-2-mate.is-little-shop-of-horrors-1960-1xg-p-9n-lk-plg-1080p-1629598400266"
"http://www.wikidata.org/entity/Q500296","tt0054033","TheLittleShopOfHorrors-WeirdnessBadMovie"
"http://www.wikidata.org/entity/Q500296","tt0054033","the-little-shop-of-horrors-1960"
"http://www.wikidata.org/entity/Q500296","tt0054033","The_Little_Shop_of_Horrors.mpeg"
"http://www.wikidata.org/entity/Q500296","tt0054033","The.Little.Shop.of.Horrors.60"
"http://www.wikidata.org/entity/Q500296","tt0054033","The_Little_Shop_of_Horrors_60"
"http://www.wikidata.org/entity/Q500296","tt0054033","TheLittleShopOfHorrorscolor1960"
"http://www.wikidata.org/entity/Q2345","tt0050083","12AngryMen1957"
"http://www.wikidata.org/entity/Q47703","tt0068646","the-godfather-1972"
"http://www.wikidata.org/entity/Q193570","tt0043014","SunsetBoulevard1950"
"http://www.wikidata.org/entity/Q193570","tt0043014","sunset-boulevatrd-1950-restored-movie-720p"
"http://www.wikidata.org/entity/Q212129","tt0044081","A.Streetcar.Named.Desire.1951.464x336.25fps.739kbs.V4mp3.MultiSub.WunSeeDee"
"http://www.wikidata.org/entity/Q223139","tt0053125","1959-north-by-northwest-con-la-muerte-en-los-talones-alfred-hitchcock-vose"
"http://www.wikidata.org/entity/Q504961","tt0017075","TheLodgerAStoryOfTheLondonFog_579"
"http://www.wikidata.org/entity/Q504961","tt0017075","TheLodger-AStoryOfTheLondonFog"
"http://www.wikidata.org/entity/Q383355","tt0045810","gentlemen-prefer-blondes-1953"
"http://www.wikidata.org/entity/Q425992","tt0043456","day-the-earth-stood-still-1951"
"http://www.wikidata.org/entity/Q425992","tt0043456","the-day-the-earth-stood-still-1951_202106"
"http://www.wikidata.org/entity/Q587419","tt0038787","notorious-1946-restored-movie-720p-hd"
"http://www.wikidata.org/entity/Q587419","tt0038787","1946-notorious-encadenados-alfred-hitchcock-vose"
"http://www.wikidata.org/entity/Q830773","tt0040506","key-largo-1948"
"http://www.wikidata.org/entity/Q1056727","tt0044789","kansascityconfidencial"
"http://www.wikidata.org/entity/Q1056727","tt0044789","KansasCityConfidential720p"
"http://www.wikidata.org/entity/Q1056727","tt0044789","kansas-city-confidential-colorized"
"http://www.wikidata.org/entity/Q1056727","tt0044789","kansas.-city.-confidential.-1952.1080p.-blu-ray.-h-264.-aac-rarbg"
"http://www.wikidata.org/entity/Q1056727","tt0044789","Kansas_City_Confidential_1952"
"http://www.wikidata.org/entity/Q1132629","tt0048424","the-night-of-the-hunter-1955"
"http://www.wikidata.org/entity/Q1132629","tt0048424","1955-the-night-of-the-hunter-la-noche-del-cazador-charles-laughton"
"http://www.wikidata.org/entity/Q152493","tt0047437","sabrina-1954"
"http://www.wikidata.org/entity/Q163038","tt0054215","1960-psycho-psicosis-alfred-hitchcock-vose"
"http://www.wikidata.org/entity/Q496255","tt0046912","dial-m-for-murder-1954_202108"
"http://www.wikidata.org/entity/Q646031","tt0095497","The.Last.Temptation.of.Christ.Zo"
"http://www.wikidata.org/entity/Q954816","tt0059646","pagkasuklam"
"http://www.wikidata.org/entity/Q1248388","tt0059894","TheWarGame_201405"
"http://www.wikidata.org/entity/Q1467214","tt0039628","MiracleOn34thStreet1947"
"http://www.wikidata.org/entity/Q2625053","tt0045877","Hitch_Hiker"
"http://www.wikidata.org/entity/Q2625053","tt0045877","IdaLupinostheHitch-hiker1953"
"http://www.wikidata.org/entity/Q2625053","tt0045877","hitch-hiker-1953"
"http://www.wikidata.org/entity/Q62163","tt0024548","she-done-him-wrong-1933"
"http://www.wikidata.org/entity/Q324933","tt0062695","stolen-kisses"
"http://www.wikidata.org/entity/Q324933","tt0062695","stolen.-kisses.-1968.-francois.-truffaut.-1080p.-brrip.x-264-classics"
"http://www.wikidata.org/entity/Q769280","tt0036323","sahara-colorized"
"http://www.wikidata.org/entity/Q862708","tt0045935","gate-of-hell"
"http://www.wikidata.org/entity/Q949642","tt0025124","f0093543534112"
"http://www.wikidata.org/entity/Q949642","tt0025124","flirtation-1934-colorized"
"http://www.wikidata.org/entity/Q1332634","tt0034303","Topper_Returns_41"
"http://www.wikidata.org/entity/Q1332634","tt0034303","TopperReturns_201409"
"http://www.wikidata.org/entity/Q1332634","tt0034303","TopperReturns720p1941"
"http://www.wikidata.org/entity/Q1618931","tt0024610","state-fair-1933"
"http://www.wikidata.org/entity/Q2162060","tt0044876","the-man-in-the-white-suit_202105"
"http://www.wikidata.org/entity/Q5049546","tt0050233","cast-a-dark-shadow-1955-restored-movie-720p-hd"
"http://www.wikidata.org/entity/Q5049546","tt0050233","cads112455"
"http://www.wikidata.org/entity/Q5049546","tt0050233","cads55"
"http://www.wikidata.org/entity/Q128761","tt0054749","two.-women.-1960.1080p."
"http://www.wikidata.org/entity/Q287536","tt0056241","the-miracle-worker-1962"
"http://www.wikidata.org/entity/Q613284","tt0026104","Becky_Sharp_"
"http://www.wikidata.org/entity/Q613284","tt0026104","BeckySharp1935"
"http://www.wikidata.org/entity/Q714941","tt0048316","rog56_mail_620S"
"http://www.wikidata.org/entity/Q1215836","tt0025272","h_roth"
"http://www.wikidata.org/entity/Q1581723","tt0020112","love-parade-1929"
"http://www.wikidata.org/entity/Q1716646","tt0020514","THETRESPASSER"
"http://www.wikidata.org/entity/Q2961961","tt0033459","cheers_for_miss_bishop"
"http://www.wikidata.org/entity/Q3108556","tt0036384","StageDoorCanteen1943"
"http://www.wikidata.org/entity/Q482632","tt0058557","SeanceonaWetAfternoon"
"http://www.wikidata.org/entity/Q598245","tt0019735","bulldog-drummond-1929"
"http://www.wikidata.org/entity/Q944624","tt0023042","1932iamafugitivefromachaingangsoyunfugitivomervynleroyvose"
"http://www.wikidata.org/entity/Q1193261","tt0044314","5-fingers-1952"
"http://www.wikidata.org/entity/Q1193261","tt0044314","FiveFingers"
"http://www.wikidata.org/entity/Q1579140","tt0020092","TheLetter1929WorkPrint"
"http://www.wikidata.org/entity/Q1620639","tt0037280","sywa99435345"
"http://www.wikidata.org/entity/Q1798755","tt0025019","La_Cucaracha_1934"
"http://www.wikidata.org/entity/Q2748409","tt0040550","LouisianaStory"
"http://www.wikidata.org/entity/Q7714833","tt0044382","atomic.-city-1952-1"
"http://www.wikidata.org/entity/Q1389525","tt0042949","seven-days-to-noon-1950"
"http://www.wikidata.org/entity/Q1620416","tt0034946","kings-row-1942"
"http://www.wikidata.org/entity/Q118976","tt0029850","alexander-nevsky-1938"
"http://www.wikidata.org/entity/Q613216","tt0024803","zero_de_conduite"
"http://www.wikidata.org/entity/Q1940924","tt0057495","shock-corridor-1963"
"http://www.wikidata.org/entity/Q659843","tt0040806","the-snake-pit-1948"
"http://www.wikidata.org/entity/Q669749","tt0036377","TheSongOfBernadette1943"
"http://www.wikidata.org/entity/Q1089543","tt0034891","In_Which_We_Serve"
"http://www.wikidata.org/entity/Q1131173","tt0053318","1959-suddenly-last-summer-de-repente-el-ultimo-verano-joseph-l.-mankiewicz-vose"
"http://www.wikidata.org/entity/Q1196628","tt0042531","gunfighter-1950"
"http://www.wikidata.org/entity/Q976558","tt0043686","forbidden-games-1952-colorized-movie-720p-hd"
"http://www.wikidata.org/entity/Q995363","tt0031976","TheStarsLookDown1940"
"http://www.wikidata.org/entity/Q1398816","tt0043132","1950-where-the-sidewalk-ends-al-borde-del-peligro-otto-preminger-vose"
"http://www.wikidata.org/entity/Q1571464","tt0019959","hallelujah1929originaltheatricalprintrecreation"
"http://www.wikidata.org/entity/Q1790093","tt0021322","rfob77589"
"http://www.wikidata.org/entity/Q2033247","tt0038120","ErniePyleStory"
"http://www.wikidata.org/entity/Q3080512","tt0033868","MajorBarbara"
"http://www.wikidata.org/entity/Q3222801","tt0033076","The_Son_of_Monte_Cristo"
"http://www.wikidata.org/entity/Q3222801","tt0033076","TheSonOfMonteCristo720p1940"
"http://www.wikidata.org/entity/Q7683567","tt0034264","TanksaMillion"
"http://www.wikidata.org/entity/Q281301","tt0034274","ThatUncertainFeeling"
"http://www.wikidata.org/entity/Q533449","tt0055892","dal435345435456"
"http://www.wikidata.org/entity/Q2607724","tt0027951","mayerling_202103"
"http://www.wikidata.org/entity/Q2633405","tt0047445","sansho-the-bailiff"
"http://www.wikidata.org/entity/Q3006300","tt0034242","Sundown_"
"http://www.wikidata.org/entity/Q4727789","tt0033323","All-AericanCoEd"
"http://www.wikidata.org/entity/Q4727789","tt0033323","AmericanCoEd"
"http://www.wikidata.org/entity/Q760012","tt0031398","gunga-din-colorized"
"http://www.wikidata.org/entity/Q865580","tt0037674","les-enfants-du-paradis-1945"
"http://www.wikidata.org/entity/Q1195531","tt0038107","TheSoutherner"
"http://www.wikidata.org/entity/Q1219687","tt0032637","the-invisible-woman-1940_202105"
"http://www.wikidata.org/entity/Q1367668","tt0033238","waterloo-bridge-1940_202108"
"http://www.wikidata.org/entity/Q1506824","tt0049263","dipwad2_zoho_4041"
"http://www.wikidata.org/entity/Q2033052","tt0119843","oscar-and-lucinda-1997"
"http://www.wikidata.org/entity/Q2377738","tt0038577","green-for-danger"
"http://www.wikidata.org/entity/Q2377738","tt0038577","05875_Gfd"
"http://www.wikidata.org/entity/Q3983426","tt0033802","LadiesInRetirement1941BwFilm13215"
"http://www.wikidata.org/entity/Q3983426","tt0033802","ladiesinretirement1941usafeaturingidalupinolouishaywardfilmnoirfullmovie"
"http://www.wikidata.org/entity/Q246418","tt0031397","gullivers_travels1939"
"http://www.wikidata.org/entity/Q246418","tt0031397","GulliversTravels720p_652"
"http://www.wikidata.org/entity/Q246418","tt0031397","GulliversTravels1939_201509"
"http://www.wikidata.org/entity/Q246418","tt0031397","GulliversTravels720p1939"
"http://www.wikidata.org/entity/Q518414","tt0027496","cco_DancingPirate"
"http://www.wikidata.org/entity/Q518414","tt0027496","TheDancingPirate"
"http://www.wikidata.org/entity/Q575014","tt0056443","sanjuro_202012"
"http://www.wikidata.org/entity/Q683957","tt0045162","Kilimanjaro"
"http://www.wikidata.org/entity/Q820384","tt0022204","HellOnEarth"
"http://www.wikidata.org/entity/Q829250","tt0019760","ChelovekskinoapparatomManWithAMovieCamera"
"http://www.wikidata.org/entity/Q948153","tt0033029","second_chorus"
"http://www.wikidata.org/entity/Q948153","tt0033029","second_chorus_1940"
"http://www.wikidata.org/entity/Q1144042","tt0036301","Report_From_The_Aleutians"
"http://www.wikidata.org/entity/Q1144659","tt0035209","PreludeToWar"
"http://www.wikidata.org/entity/Q1144659","tt0035209","WhyWeFightPreludeToWarPt11943"
"http://www.wikidata.org/entity/Q1200597","tt0035796","DesertVictory"
"http://www.wikidata.org/entity/Q1331696","tt0036823","FightingLady"
"http://www.wikidata.org/entity/Q1387285","tt0036629","BattleOfRussiaI"
"http://www.wikidata.org/entity/Q1387285","tt0036629","wwf_the_battle_of_russia_pt2"
"http://www.wikidata.org/entity/Q1387285","tt0036629","wwf_the_battle_of_russia_pt1"
"http://www.wikidata.org/entity/Q1439941","tt0039840","Smash-Up"
"http://www.wikidata.org/entity/Q1498484","tt0047878","TheBigComboCornellWilde1955BOO"
"http://www.wikidata.org/entity/Q1498484","tt0047878","the-big-combo-pnm"
"http://www.wikidata.org/entity/Q1498484","tt0047878","TheBigCombo-Vostr-fr"
"http://www.wikidata.org/entity/Q1498484","tt0047878","the-big-combo-1955-remastered-movie-720p-hd"
"http://www.wikidata.org/entity/Q1498484","tt0047878","The_Big_Combo_1955"
"http://www.wikidata.org/entity/Q1498484","tt0047878","Big_Combo_1955"
"http://www.wikidata.org/entity/Q1627957","tt0034906","ItsEvery1945"
"http://www.wikidata.org/entity/Q1660756","tt0048667","strategic.-air.-command.-1955."
"http://www.wikidata.org/entity/Q1779102","tt0046366","AnAmericanWife"
"http://www.wikidata.org/entity/Q2160551","tt0039761","1947-repeat-performance-alfred-l.-werker-vose"
"http://www.wikidata.org/entity/Q2410527","tt0034806","TheGrainThatBuiltAHemisphere"
"http://www.wikidata.org/entity/Q3186995","tt0039517","JourneyIntoMedicine"
"http://www.wikidata.org/entity/Q4558813","tt0034608","CombatReport"
"http://www.wikidata.org/entity/Q4659449","tt0035321","AShipIsBorn"
"http://www.wikidata.org/entity/Q4857586","tt0035662","BaptismOfFire"
"http://www.wikidata.org/entity/Q5575002","tt0043590","go_for_broke_ACM"
"http://www.wikidata.org/entity/Q5575002","tt0043590","Go_for_Broke"
"http://www.wikidata.org/entity/Q5575002","tt0043590","GoForBroke"
"http://www.wikidata.org/entity/Q12107808","tt0052696","cityoffear1959"
"http://www.wikidata.org/entity/Q12107808","tt0052696","1959-city-of-fear-irving-lerner-vose"
"http://www.wikidata.org/entity/Q174513","tt0055257","oneeyedjacks1961"
"http://www.wikidata.org/entity/Q369083","tt0028511","Winterset"
"http://www.wikidata.org/entity/Q839419","tt0037576","CaptainKidd_"
"http://www.wikidata.org/entity/Q842067","tt0057358","winter-light_ingmar-bergman"
"http://www.wikidata.org/entity/Q989531","tt0027869","last-of-the-mohicans-1936-colorized"
"http://www.wikidata.org/entity/Q1169028","tt0045551","beneath_the_12-mile_reef"
"http://www.wikidata.org/entity/Q1169028","tt0045551","BeneathThe12-mileReef1953-FullScreenVersion"
"http://www.wikidata.org/entity/Q1169028","tt0045551","BeneathThe12-mileReef1953"
"http://www.wikidata.org/entity/Q1169028","tt0045551","beneath-the-12-mile-reef-1953_202005"
"http://www.wikidata.org/entity/Q1610106","tt0040512","1948-kiss-the-blood-off-my-hands-sangre-en-las-manos-norman-foster-vose"
"http://www.wikidata.org/entity/Q1631423","tt0047880","thebigknife1955"
"http://www.wikidata.org/entity/Q1631423","tt0047880","1955-the-big-knife-la-podadora-robert-aldrich-vose"
"http://www.wikidata.org/entity/Q2145748","tt0037215","ResistingEnemyInterrogation1944"
"http://www.wikidata.org/entity/Q3040419","tt0037547","BloodontheSun"
"http://www.wikidata.org/entity/Q3040419","tt0037547","Blood_on_the_Sun"
"http://www.wikidata.org/entity/Q3040419","tt0037547","blood-on-the-sun-1945"
"http://www.wikidata.org/entity/Q7745598","tt0037861","TheLastBomb1945"
"http://www.wikidata.org/entity/Q7776761","tt0053461","YoungLand"
"http://www.wikidata.org/entity/Q477472","tt0038192","gov.dod.dimoc.20363"
"http://www.wikidata.org/entity/Q538600","tt0043983","royal_wedding"
"http://www.wikidata.org/entity/Q538600","tt0043983","RoyalWedding720p1951"
"http://www.wikidata.org/entity/Q1167592","tt0034928","JungleBook"
"http://www.wikidata.org/entity/Q1332246","tt0040767","TheSecretLand"
"http://www.wikidata.org/entity/Q1347783","tt0046126","1953niagarahhathaway"
"http://www.wikidata.org/entity/Q1347783","tt0046126","niagara-1953-torrentes-de-paixao"
"http://www.wikidata.org/entity/Q1890292","tt0029209","ManhattanMerryGoRound"
"http://www.wikidata.org/entity/Q3018061","tt0036430","this_is_the_army"
"http://www.wikidata.org/entity/Q3018061","tt0036430","this_is_the_army_mp4"
"http://www.wikidata.org/entity/Q5615123","tt0036886","GuestInTheHouse1944_573"
"http://www.wikidata.org/entity/Q5615123","tt0036886","1944-guest-in-the-house-semilla-de-odio-john-brahm-vose"
"http://www.wikidata.org/entity/Q5615123","tt0036886","GuestInTheHouse1944"
"http://www.wikidata.org/entity/Q5615123","tt0036886","1944-guest-in-the-house-semilla-de-odio-john-brahm-vo_202011"
"http://www.wikidata.org/entity/Q5616381","tt0042529","Guilty_Bystander_5067"
"http://www.wikidata.org/entity/Q5616381","tt0042529","1950-guilty-bystander-joseph-lerner-vose"
"http://www.wikidata.org/entity/Q7070194","tt0031737","NurseEdithCavell"
"http://www.wikidata.org/entity/Q7759101","tt0040717","the_quiet_one"
"http://www.wikidata.org/entity/Q16249355","tt0041251","cityacrosstheriver1949"
"http://www.wikidata.org/entity/Q783491","tt0032412","dr.-cyclops"
"http://www.wikidata.org/entity/Q884686","tt0041737","passport-to-pimlico"
"http://www.wikidata.org/entity/Q897328","tt0033704","hellzapoppin-1941-"
"http://www.wikidata.org/entity/Q921033","tt0043560","1951-fourteen-hours-14-horas-henry-hathaway-vose"
"http://www.wikidata.org/entity/Q921033","tt0043560","1951fourteenhours14horashenryhathaway"
"http://www.wikidata.org/entity/Q1197712","tt0032635","the-invisible-man-returns-1940_202105"
"http://www.wikidata.org/entity/Q1262492","tt0035583","you-were-never-lovelier"
"http://www.wikidata.org/entity/Q1627707","tt0039040","teho22556633"
"http://www.wikidata.org/entity/Q6542578","tt0037875","TheAmericanSceneNumber11LibraryOfCongress"
"http://www.wikidata.org/entity/Q7443984","tt0037253","secret-command-1944-"
"http://www.wikidata.org/entity/Q7729981","tt0033531","devil-pays-off-1941_202106"
"http://www.wikidata.org/entity/Q1170515","tt0062430","valley.-of.-the.-dolls.-1967.1080p.-blu-ray.x-264-yts.-am"
"http://www.wikidata.org/entity/Q1194608","tt0021025","KingofJazz1930"
"http://www.wikidata.org/entity/Q1541847","tt0032762","mark-of-zorro-1940"
"http://www.wikidata.org/entity/Q1671105","tt0021281","raffles-1930"
"http://www.wikidata.org/entity/Q1671105","tt0021281","raffles-1930-colorized"
"http://www.wikidata.org/entity/Q1857464","tt0033787","KingOfTheZombies"
"http://www.wikidata.org/entity/Q1857464","tt0033787","King_of_the_Zombies"
"http://www.wikidata.org/entity/Q2471434","tt0036497","VictoryThroughAirPower1942"
"http://www.wikidata.org/entity/Q6869530","tt0037076","MinstrelMan"
"http://www.wikidata.org/entity/Q7640621","tt0034243","Sunny_"
"http://www.wikidata.org/entity/Q7749981","tt0037893","Man_Who_Walked_Alone_1945"
"http://www.wikidata.org/entity/Q7811300","tt0036445","TothePeo1944"
"http://www.wikidata.org/entity/Q168246","tt0049388","julie-1956"
"http://www.wikidata.org/entity/Q285762","tt0037972","mp11029875"
"http://www.wikidata.org/entity/Q1269675","tt0030798","storm-over-bengal-1938-"
"http://www.wikidata.org/entity/Q1523560","tt0021016","just-imagine_1930"
"http://www.wikidata.org/entity/Q1523560","tt0021016","JustImagine_97"
"http://www.wikidata.org/entity/Q1129567","tt0021770","1931-the-criminal-code-el-codigo-criminal-howard-hawks-vo"
"http://www.wikidata.org/entity/Q1129567","tt0021770","1931-the-criminal-code-el-codigo-criminal-howard-hawks-ve"
"http://www.wikidata.org/entity/Q1230963","tt0030910","UnderWesternStars"
"http://www.wikidata.org/entity/Q1275177","tt0028931","WithWordsandMusic"
"http://www.wikidata.org/entity/Q1814677","tt0022403","1931-smart-money-dinero-facil-alfred-e.-green-vose"
"http://www.wikidata.org/entity/Q5391482","tt0029588","SomethingtoSingAbout"
"http://www.wikidata.org/entity/Q160793","tt1185616","waltz-with-bashir-2008"
"http://www.wikidata.org/entity/Q903871","tt0029945","breaking-the-ice"
"http://www.wikidata.org/entity/Q903871","tt0029945","breaking_the_ice"
"http://www.wikidata.org/entity/Q1193221","tt0026393","1935gmenwilliamkeighley"
"http://www.wikidata.org/entity/Q3032438","tt0031282","eternally_yours_ipod"
"http://www.wikidata.org/entity/Q3032438","tt0031282","EternallyYours"
"http://www.wikidata.org/entity/Q15847385","tt0031921","she-married-a-cop-1939-"
"http://www.wikidata.org/entity/Q587579","tt0022458","TabuAStoryOfTheSouthSeasf.w.Murnau"
"http://www.wikidata.org/entity/Q1527522","tt0029193","Make_A_Wish_1937"
"http://www.wikidata.org/entity/Q1857702","tt0028119","Popeye_meetsSinbadtheSailor"
"http://www.wikidata.org/entity/Q7975772","tt0032114","wds44178891"
"http://www.wikidata.org/entity/Q3212069","tt0035082","1942moontidemareadelunaarchiemayo"
"http://www.wikidata.org/entity/Q3212069","tt0035082","moontide1942_202005"
"http://www.wikidata.org/entity/Q331274","tt0034175","the-shanghai-gesture"
"http://www.wikidata.org/entity/Q331274","tt0034175","the-shanghai-gesture-1941-restored-movie-720p-hd"
"http://www.wikidata.org/entity/Q331274","tt0034175","the-shanghai-gesture-1941"
"http://www.wikidata.org/entity/Q1199739","tt0034902","invisible-agent_202106"
"http://www.wikidata.org/entity/Q1638595","tt0036824","FightingSeabees44"
"http://www.wikidata.org/entity/Q2393215","tt0036962","it-happened-tomorrow-1944"
"http://www.wikidata.org/entity/Q2393215","tt0036962","ITHAPPENEDTOMORROW"
"http://www.wikidata.org/entity/Q4880876","tt0032246","behind-the-news-1940-l"
"http://www.wikidata.org/entity/Q328096","tt0046051","MartinLuther"
"http://www.wikidata.org/entity/Q3213588","tt0036051","Jack_London_"
"http://www.wikidata.org/entity/Q266596","tt0042832","panic-in-the-street-1950"
"http://www.wikidata.org/entity/Q266596","tt0042832","1950-panic-in-the-streets-panico-en-las-calles-elia-kazan-vose"
"http://www.wikidata.org/entity/Q939614","tt0046094","MoonIsBlue"
"http://www.wikidata.org/entity/Q942224","tt0037702","fobc110191171"
"http://www.wikidata.org/entity/Q1518939","tt0039768","ride-the-pink-horse-1947"
"http://www.wikidata.org/entity/Q1518939","tt0039768","1947ridethepinkhorsepersecucionenlanocherobertmontgomery"
"http://www.wikidata.org/entity/Q2566687","tt0105805","when_abortion_was_illegal"
"http://www.wikidata.org/entity/Q3073101","tt0039698","ThePerilsofPauline"
"http://www.wikidata.org/entity/Q506638","tt0039694","paradinecase"
"http://www.wikidata.org/entity/Q506638","tt0039694","the-paradine-case-1947-drama"
"http://www.wikidata.org/entity/Q506638","tt0039694","1947-paradine-case-agonia-de-amor-alfred-hitchcock-leg"
"http://www.wikidata.org/entity/Q787658","tt0036581","address-unknown-1944-paul-lukas-morris-carnovsky-k.-t.-stevens"
"http://www.wikidata.org/entity/Q1210771","tt0045464","5000_fingers_of_dr_t"
"http://www.wikidata.org/entity/Q3521913","tt0035078","tmas56456112"
"http://www.wikidata.org/entity/Q1213593","tt0036038","WarOfTheWildcats-JohnWayne1943"
"http://www.wikidata.org/entity/Q1295269","tt0035996","HiDiddleDiddle"
"http://www.wikidata.org/entity/Q3020986","tt0035790","December7th"
"http://www.wikidata.org/entity/Q3220909","tt0036065","TheKansan"
"http://www.wikidata.org/entity/Q4880360","tt0064076","gov.archives.arc.53856"
"http://www.wikidata.org/entity/Q7549558","tt0036368","so_this_is_washington"
"http://www.wikidata.org/entity/Q7549558","tt0036368","so_this_is_washington_ipod"
"http://www.wikidata.org/entity/Q2992240","tt0036217","TheNorthStar"
"http://www.wikidata.org/entity/Q2992240","tt0036217","TheNorthStarVideoQualityUpgrade"
"http://www.wikidata.org/entity/Q3281757","tt0035860","1943thefallensparrowperseguidorichardwallace"
"http://www.wikidata.org/entity/Q4745668","tt0082012","americasintransition"
"http://www.wikidata.org/entity/Q244865","tt0041239","Champion_201602"
"http://www.wikidata.org/entity/Q494331","tt0053017","1958-lonelyhearts-corazones-solitarios-vincent-j.-donehue-vo"
"http://www.wikidata.org/entity/Q494331","tt0053017","1958-lonelyhearts-corazones-solitarios-vincent-j.-donehue-ve"
"http://www.wikidata.org/entity/Q3821358","tt0044202","1951-the-well-el-pozo-de-la-angustia-russell-rouse"
"http://www.wikidata.org/entity/Q4003616","tt0053810","tfol60778"
"http://www.wikidata.org/entity/Q7767038","tt0044083","1951-the-strip-laszlo-kardos-vose"
"http://www.wikidata.org/entity/Q12105566","tt0045056","thecard"
"http://www.wikidata.org/entity/Q319171","tt0058203","l.-homme.-de.-rio.-1964.-french.-720p.-blu-ray.x-264-rough"
"http://www.wikidata.org/entity/Q601651","tt0045205","suddenfear1952usafeaturingjoancrawfordjackpalancegloriagrahamefilmnoir"
"http://www.wikidata.org/entity/Q601651","tt0045205","1952-sudden-fear-miedo-subito-david-miller-vose"
"http://www.wikidata.org/entity/Q601651","tt0045205","sf445478442"
"http://www.wikidata.org/entity/Q680594","tt0054084","1960-midnight-lace-un-grito-en-la-niebla-david-miller"
"http://www.wikidata.org/entity/Q784181","tt0042367","Cyrano_DeBergerac"
"http://www.wikidata.org/entity/Q784181","tt0042367","CyranoMoviePowder"
"http://www.wikidata.org/entity/Q971165","tt0047424","rogue-cop-1954"
"http://www.wikidata.org/entity/Q1124085","tt0054102","1960-murder-inc-burt-balaban-stuart-rosenberg-vose"
"http://www.wikidata.org/entity/Q1199203","tt0044207","when-worlds-collide"
"http://www.wikidata.org/entity/Q3235479","tt0054295","1960-seven-thieves-siete-ladrones-henry-hathaway-ve-version-en-espanol"
"http://www.wikidata.org/entity/Q383021","tt0044331","1952-affair-in-trinidad-la-dama-de-trinidad-vincent-sherman-vo"
"http://www.wikidata.org/entity/Q383021","tt0044331","1952-affair-in-trinidad-la-dama-de-trinidad-vincent-sherman-vose"
"http://www.wikidata.org/entity/Q1299272","tt0048527","queen-bee-1955"
"http://www.wikidata.org/entity/Q1333207","tt0058209","ahinah"
"http://www.wikidata.org/entity/Q2337495","tt0044937","1952-my-cousin-rachel-mi-prima-raquel-henry-koster-vose"
"http://www.wikidata.org/entity/Q2337495","tt0044937","1952-my-cousin-rachel-mi-prima-raquel-henry-koster-vose_202010"
"http://www.wikidata.org/entity/Q3207370","tt0054243","1960-the-rise-and-fall-of-legs-diamond-la-ley-del-hampa-budd-boetticher-ve-version-en-espanol"
"http://www.wikidata.org/entity/Q7734266","tt0057061","5CitiesOfJune"
"http://www.wikidata.org/entity/Q262783","tt0039370","FarmersDaughter47"
"http://www.wikidata.org/entity/Q510595","tt0028231","Hitchcock_Secret_Agent"
"http://www.wikidata.org/entity/Q576249","tt0038455","1946thedarkmirroratravesdelespejorobertsiodmak"
"http://www.wikidata.org/entity/Q576249","tt0038455","DarkMirrorCrime505"
"http://www.wikidata.org/entity/Q1080674","tt0028827","ElephantBoy"
"http://www.wikidata.org/entity/Q1080674","tt0028827","Elephant_Boy_"
"http://www.wikidata.org/entity/Q1145006","tt0037468","WiththeMarinesatTarawa"
"http://www.wikidata.org/entity/Q1145745","tt0036807","experiment-perilous-1944-"
"http://www.wikidata.org/entity/Q1156836","tt0018217","october1928"
"http://www.wikidata.org/entity/Q1156836","tt0018217","october-ten-days-that-shook-the-world_1928"
"http://www.wikidata.org/entity/Q1171328","tt0037614","corn-is-green-1945"
"http://www.wikidata.org/entity/Q1304008","tt0047432","le-rouge-et-le-noir-1-autant-lara"
"http://www.wikidata.org/entity/Q3027987","tt0037644","1945-dillinger-dillinger-enemigo-publico-no-1-max-nosseck-vo"
"http://www.wikidata.org/entity/Q3226891","tt0021331","le-sang-dun-poete-jean-cocteau-1930"
"http://www.wikidata.org/entity/Q3441176","tt0023410","rome-express-1932"
"http://www.wikidata.org/entity/Q622382","tt0048956","aparajito-apu-trilogy-pt.-2"
"http://www.wikidata.org/entity/Q1154209","tt0046970","father-brown-the-detective-1954-mys.-detec.-alec-guiness"
"http://www.wikidata.org/entity/Q1807931","tt0019286","StormOverAsiasilentSoviet"
"http://www.wikidata.org/entity/Q153593","tt0024966","Chapaev"
"http://www.wikidata.org/entity/Q562096","tt0021542","westfront.-1918.1930.720p.-blu-"
"http://www.wikidata.org/entity/Q779032","tt0056049","the-naked-island"
"http://www.wikidata.org/entity/Q1217953","tt0038369","blue-dahlia-1946"
"http://www.wikidata.org/entity/Q1217953","tt0038369","1946thebluedahlialadaliaazulgeorgemarshall"
"http://www.wikidata.org/entity/Q1549483","tt0065671","Uncle_Vanya_1970"
"http://www.wikidata.org/entity/Q1628022","tt0043362","15062tbv"
"http://www.wikidata.org/entity/Q2581338","tt0020451","Eisenstein-TheGeneralLine"
"http://www.wikidata.org/entity/Q2581338","tt0020451","TheGeneralLineeng"
"http://www.wikidata.org/entity/Q3283442","tt0038205","tu8843534510"
"http://www.wikidata.org/entity/Q377428","tt0047985","1955-the-desperate-hours-horas-desesperadas-william-wyler-vose"
"http://www.wikidata.org/entity/Q671940","tt0037871","TheLastChance_"
"http://www.wikidata.org/entity/Q1344526","tt0021800","dishonored_202108"
"http://www.wikidata.org/entity/Q1470370","tt0046414","Beat_the_Devil_DVD"
"http://www.wikidata.org/entity/Q1470370","tt0046414","BeatTheDevil1953"
"http://www.wikidata.org/entity/Q4817901","tt0185893","Attack-TheBattleforNewBritain"
"http://www.wikidata.org/entity/Q6232328","tt0060562","gov.ntis.ava11312vnb1"
"http://www.wikidata.org/entity/Q7685892","tt0121791","TargetForTonight4183"
"http://www.wikidata.org/entity/Q7685892","tt0121791","TARGETFORTONIGHTVideoAndAudioUpgrade"
"http://www.wikidata.org/entity/Q7734844","tt0033623","forgotten_village"
"http://www.wikidata.org/entity/Q7754019","tt0035121","TheNextofKin"
"http://www.wikidata.org/entity/Q7923343","tt0030933","TheBeachcomber"
"http://www.wikidata.org/entity/Q115512","tt0031968","the-spy-in-black-1939"
"http://www.wikidata.org/entity/Q115512","tt0031968","SpyInBlack"
"http://www.wikidata.org/entity/Q981189","tt0022685","ABillofDivorcement1932"
"http://www.wikidata.org/entity/Q1754532","tt0036506","day-of-wrath"
"http://www.wikidata.org/entity/Q2379666","tt0036152","MemphisBelle"
"http://www.wikidata.org/entity/Q2379666","tt0036152","TheMemphisBelleAStoryofaFlyingFortress"
"http://www.wikidata.org/entity/Q7785731","tt0037367","thb445465887188"
"http://www.wikidata.org/entity/Q1057756","tt0041481","HomeOfTheBrave1949"
"http://www.wikidata.org/entity/Q3203945","tt0037449","the-way-ahead"
"http://www.wikidata.org/entity/Q3203945","tt0037449","WayAhead"
"http://www.wikidata.org/entity/Q3203945","tt0037449","TheWayAhead"
"http://www.wikidata.org/entity/Q3823634","tt0042428","edge-of-doom-1950"
"http://www.wikidata.org/entity/Q3823634","tt0042428","1950-edge-of-doom-nube-de-sangre-mark-robson-vose"
"http://www.wikidata.org/entity/Q3823634","tt0042428","1950-edge-of-doom-nube-de-sangre-mark-robson-vo"
"http://www.wikidata.org/entity/Q3823634","tt0042428","Edge_Of_Doom"
"http://www.wikidata.org/entity/Q6980030","tt0035112","native-land"
"http://www.wikidata.org/entity/Q7568310","tt0030774","sr845454b"
"http://www.wikidata.org/entity/Q12129859","tt0037404","TunisianVictory1944"
"http://www.wikidata.org/entity/Q123900865","tt0033811","TheLand_201505"
"http://www.wikidata.org/entity/Q2739665","tt0053579","late-autumn"
"http://www.wikidata.org/entity/Q2739665","tt0053579","late-autumn_202108"
"http://www.wikidata.org/entity/Q279465","tt0025746","the-scarlet-empress"
"http://www.wikidata.org/entity/Q279465","tt0025746","asa-the-scarlet-empress-1934-a-film-directed-by-josef-von-sternberg-with-marlene"
"http://www.wikidata.org/entity/Q690583","tt0015881","Greed1924VHS"
"http://www.wikidata.org/entity/Q690583","tt0015881","silent-greed"
"http://www.wikidata.org/entity/Q700736","tt0018737","die-buchse-der-pandora-1929-1080p"
"http://www.wikidata.org/entity/Q905932","tt0009968","brokenblossoms1919"
"http://www.wikidata.org/entity/Q905932","tt0009968","BrokenBlossoms_201312"
"http://www.wikidata.org/entity/Q1024861","tt0003740","Cabiria"
"http://www.wikidata.org/entity/Q1189572","tt0056444","an-autumn-afternoon"
"http://www.wikidata.org/entity/Q2437042","tt0061847","samurai-rebellion"
"http://www.wikidata.org/entity/Q2537602","tt0045112","the-life-of-oharu"
"http://www.wikidata.org/entity/Q220394","tt0004972","dw_griffith_birth_of_a_nation"
"http://www.wikidata.org/entity/Q258830","tt0015064","Der_letzte_Mann"
"http://www.wikidata.org/entity/Q847709","tt0058888","red-beard"
"http://www.wikidata.org/entity/Q850159","tt0017925","The_General_Buster_Keaton"
"http://www.wikidata.org/entity/Q850159","tt0017925","TheGeneral_201312"
"http://www.wikidata.org/entity/Q569699","tt0020475","diary-of-a-lost-girl-1929-1527085599333"
"http://www.wikidata.org/entity/Q927919","tt0016220","ThePhantomoftheOpera"
"http://www.wikidata.org/entity/Q927919","tt0016220","ThePhantomOfTheOpera1925NewYorkGeneralReleasePrint_620"
"http://www.wikidata.org/entity/Q927919","tt0016220","ThePhantomOfTheOpera_201612"
"http://www.wikidata.org/entity/Q927919","tt0016220","el-fantasma-de-la-opera-1925-sub-espanol"
"http://www.wikidata.org/entity/Q3506227","tt0169716","CovjekKogaTrebaUbitiZo"
"http://www.wikidata.org/entity/Q4922165","tt0236843","y-2-mate.is-viento-negro-1965-pelicula-completa-hd-ry-gcr-5-is-ly-720p-1639619097354"
"http://www.wikidata.org/entity/Q192206","tt0006864","Intolerance"
"http://www.wikidata.org/entity/Q192206","tt0006864","INTOLERANCE_201407"
"http://www.wikidata.org/entity/Q1365572","tt0019421","SteamboatBillJr"
"http://www.wikidata.org/entity/Q6691970","tt0033853","LoveOnTheDole_476"
"http://www.wikidata.org/entity/Q1736026","tt0024962","The_Rise_of_Catherine_the_Great"
"http://www.wikidata.org/entity/Q3205508","tt0038289","isads9990"
"http://www.wikidata.org/entity/Q3205508","tt0038289","ISeeADarkStranger"
"http://www.wikidata.org/entity/Q7776102","tt0185016","WorldatW1942"
"http://www.wikidata.org/entity/Q2527271","tt0064703","The_Night_of_Counting_the_Years"
"http://www.wikidata.org/entity/Q2527271","tt0064703","The_Night_of_Counting_the_Years_DVD"
"http://www.wikidata.org/entity/Q1406119","tt0079845","bellocchio-1980-salto-nel-vuoto"
"http://www.wikidata.org/entity/Q602998","tt0006206","LesVampires1915DirectedByLouisFeuillade"
"http://www.wikidata.org/entity/Q602998","tt0006206","LesVampires-Episode3"
"http://www.wikidata.org/entity/Q602998","tt0006206","lesVampires1915Episode9-thePoisoner"
"http://www.wikidata.org/entity/Q1586983","tt0018839","the-docks-of-new-york"
"http://www.wikidata.org/entity/Q1586983","tt0018839","1928-the-dock-of-new-york-josef-von-sternberg-intertitulos-en-ingles-y-espanol"
"http://www.wikidata.org/entity/Q2162940","tt0040221","1949-caught-atrapados-max-ophuls-vose"
"http://www.wikidata.org/entity/Q263583","tt0051744","house_on_haunted_hill_ipod"
"http://www.wikidata.org/entity/Q263583","tt0051744","House_On_Haunted_Hill.avi"
"http://www.wikidata.org/entity/Q263583","tt0051744","HouseOnHauntedHill1959"
"http://www.wikidata.org/entity/Q263583","tt0051744","HouseOnHauntedHill-WeirdnessBadMovie"
"http://www.wikidata.org/entity/Q263583","tt0051744","HouseOnHauntedHill_201605"
"http://www.wikidata.org/entity/Q263583","tt0051744","The_House_On_Haunted_Hill"
"http://www.wikidata.org/entity/Q386620","tt0019655","asphalt-1929-restored-movie-720p-hd"
"http://www.wikidata.org/entity/Q2018199","tt0055019","shame_"
"http://www.wikidata.org/entity/Q2018199","tt0055019","Intruder6234"
"http://www.wikidata.org/entity/Q3220268","tt0045002","OutcastIslands"
"http://www.wikidata.org/entity/Q3837985","tt0020080","TheLastWarning1929PaulLeni"
"http://www.wikidata.org/entity/Q14906856","tt0040455","1948-the-hunted-jack-bernhard-vose"
