"item","imdb","prodid","production"
"http://www.wikidata.org/entity/Q3764984","tt0097433","http://www.wikidata.org/entity/Q19616","RAI"
"http://www.wikidata.org/entity/Q4234382","tt0175824","http://www.wikidata.org/entity/Q158478","Lenfilm"
"http://www.wikidata.org/entity/Q85997053","tt10665342","http://www.wikidata.org/entity/Q168383","Universal Pictures"
"http://www.wikidata.org/entity/Q107394970","tt1001520","http://www.wikidata.org/entity/Q457893","Amblin Entertainment"
"http://www.wikidata.org/entity/Q85997053","tt10665342","http://www.wikidata.org/entity/Q465449","Miramax"
"http://www.wikidata.org/entity/Q25522232","tt0445527","http://www.wikidata.org/entity/Q719998","Tallinnfilm"
"http://www.wikidata.org/entity/Q3764984","tt0097433","http://www.wikidata.org/entity/Q781183","Istituto Luce"
"http://www.wikidata.org/entity/Q7728299","tt0122574","http://www.wikidata.org/entity/Q790756","Barrandov Studios"
"http://www.wikidata.org/entity/Q99900595","tt12593682","http://www.wikidata.org/entity/Q822314","Sony Pictures"
"http://www.wikidata.org/entity/Q115935338","tt0389320","http://www.wikidata.org/entity/Q877188","German Film and Television Academy Berlin"
"http://www.wikidata.org/entity/Q61657535","tt9806222","http://www.wikidata.org/entity/Q1243548","Dor Film"
"http://www.wikidata.org/entity/Q66588922","tt9761042","http://www.wikidata.org/entity/Q1347462","Epo-Film"
"http://www.wikidata.org/entity/Q107394970","tt1001520","http://www.wikidata.org/entity/Q107630578","New Republic Pictures"
"http://www.wikidata.org/entity/Q85997053","tt10665342","http://www.wikidata.org/entity/Q113773691","Rough House Pictures"
"http://www.wikidata.org/entity/Q64689191","tt0227097","http://www.wikidata.org/entity/Q1530721","National Film Board of Canada"
"http://www.wikidata.org/entity/Q111684978","tt15679400","http://www.wikidata.org/entity/Q2906631","Blinding Edge Pictures"
"http://www.wikidata.org/entity/Q14757056","tt0405908","http://www.wikidata.org/entity/Q5389773","Erler Film"
"http://www.wikidata.org/entity/Q108105043","tt14814320","http://www.wikidata.org/entity/Q5401555","Estonian Film Institute"
"http://www.wikidata.org/entity/Q111684978","tt15679400","http://www.wikidata.org/entity/Q5448895","FilmNation Entertainment"
"http://www.wikidata.org/entity/Q7511953","tt10122538","http://www.wikidata.org/entity/Q6379314","Kavithalayaa Productions"
"http://www.wikidata.org/entity/Q4547014","tt1603778","http://www.wikidata.org/entity/Q7392704","SP Entertainments"
"http://www.wikidata.org/entity/Q113269780","tt20452514","http://www.wikidata.org/entity/Q7687354","Taska Film"
"http://www.wikidata.org/entity/Q113455828","tt20850406","http://www.wikidata.org/entity/Q7943939","Vyjayanthi Movies"
"http://www.wikidata.org/entity/Q107394970","tt1001520","http://www.wikidata.org/entity/Q11887890","Phoenix Pictures"
"http://www.wikidata.org/entity/Q85997053","tt10665342","http://www.wikidata.org/entity/Q16984664","Blumhouse Productions"
"http://www.wikidata.org/entity/Q15221252","tt1385966","http://www.wikidata.org/entity/Q17075754","V. V. Creations"
"http://www.wikidata.org/entity/Q107394970","tt1001520","http://www.wikidata.org/entity/Q22079339","Amblin Partners"
"http://www.wikidata.org/entity/Q108347930","tt15340570","http://www.wikidata.org/entity/Q48989713","Pooja Entertainment"
"http://www.wikidata.org/entity/Q65563101","tt0220583","http://www.wikidata.org/entity/Q49851272","Cinévidéo"
"http://www.wikidata.org/entity/Q113269780","tt20452514","http://www.wikidata.org/entity/Q61394058","Nafta Films"
"http://www.wikidata.org/entity/Q99900595","tt12593682","http://www.wikidata.org/entity/Q85738663","87North Productions"
"http://www.wikidata.org/entity/Q116458064","tt20414550","http://www.wikidata.org/entity/Q177955","SF Studios"
"http://www.wikidata.org/entity/Q116458064","tt20414550","http://www.wikidata.org/entity/Q2748604","Film i Väst"
"http://www.wikidata.org/entity/Q116458064","tt20414550","http://www.wikidata.org/entity/Q10581511","Memfis Film"
"http://www.wikidata.org/entity/Q113099692","tt0050852","http://www.wikidata.org/entity/Q15534129","Československy státní film"
"http://www.wikidata.org/entity/Q110678316","tt0452540","http://www.wikidata.org/entity/Q110678358","Arcadia"
"http://www.wikidata.org/entity/Q4069532","tt0130392","http://www.wikidata.org/entity/Q141336","Mosfilm"
"http://www.wikidata.org/entity/Q68190448","tt0477182","http://www.wikidata.org/entity/Q141336","Mosfilm"
"http://www.wikidata.org/entity/Q4292279","tt0102425","http://www.wikidata.org/entity/Q158478","Lenfilm"
"http://www.wikidata.org/entity/Q58762348","tt0010955","http://www.wikidata.org/entity/Q168383","Universal Pictures"
"http://www.wikidata.org/entity/Q109981247","tt13316756","http://www.wikidata.org/entity/Q215363","Sveriges Television"
"http://www.wikidata.org/entity/Q48760469","tt0159087","http://www.wikidata.org/entity/Q913462","Gaumont Film Company"
"http://www.wikidata.org/entity/Q111549435","tt15471560","http://www.wikidata.org/entity/Q913462","Gaumont Film Company"
"http://www.wikidata.org/entity/Q109981247","tt13316756","http://www.wikidata.org/entity/Q110373917","Unlimited Stories"
"http://www.wikidata.org/entity/Q112183099","tt17663992","http://www.wikidata.org/entity/Q512858","Spyglass Media Group"
"http://www.wikidata.org/entity/Q689728","tt0029880","http://www.wikidata.org/entity/Q774682","Republic Pictures"
"http://www.wikidata.org/entity/Q65407744","tt8259410","http://www.wikidata.org/entity/Q790756","Barrandov Studios"
"http://www.wikidata.org/entity/Q99767789","tt0084706","http://www.wikidata.org/entity/Q819391","DEFA"
"http://www.wikidata.org/entity/Q84195189","tt10964468","http://www.wikidata.org/entity/Q822314","Sony Pictures"
"http://www.wikidata.org/entity/Q67338673","tt9185162","http://www.wikidata.org/entity/Q1402681","Rat Pack Filmproduktion"
"http://www.wikidata.org/entity/Q109981247","tt13316756","http://www.wikidata.org/entity/Q1891982","Nordisk Film"
"http://www.wikidata.org/entity/Q97007308","tt0175016","http://www.wikidata.org/entity/Q2621941","Belarusfilm"
"http://www.wikidata.org/entity/Q109981247","tt13316756","http://www.wikidata.org/entity/Q2748604","Film i Väst"
"http://www.wikidata.org/entity/Q108919489","tt15006566","http://www.wikidata.org/entity/Q3225114","Le Pacte"
"http://www.wikidata.org/entity/Q88540764","tt11873440","http://www.wikidata.org/entity/Q3334902","Nadiadwala Grandson Entertainment"
"http://www.wikidata.org/entity/Q13011992","tt0257212","http://www.wikidata.org/entity/Q4765742","Anjali Pictures"
"http://www.wikidata.org/entity/Q14757167","tt5547212","http://www.wikidata.org/entity/Q5389773","Erler Film"
"http://www.wikidata.org/entity/Q84195189","tt10964468","http://www.wikidata.org/entity/Q6934556","Culver Max Entertainment"
"http://www.wikidata.org/entity/Q96413414","tt8269248","http://www.wikidata.org/entity/Q7586324","Sri Venkateswara Creations"
"http://www.wikidata.org/entity/Q96419311","tt12422308","http://www.wikidata.org/entity/Q20539271","G. Mahesh Babu Entertainment"
"http://www.wikidata.org/entity/Q96419311","tt12422308","http://www.wikidata.org/entity/Q21190867","Mythri Movie Makers"
"http://www.wikidata.org/entity/Q65407744","tt8259410","http://www.wikidata.org/entity/Q21663353","Mongolkino"
"http://www.wikidata.org/entity/Q108919489","tt15006566","http://www.wikidata.org/entity/Q108784264","Arcadia Motion Pictures"
"http://www.wikidata.org/entity/Q14955277","tt0239954","http://www.wikidata.org/entity/Q177955","SF Studios"
"http://www.wikidata.org/entity/Q120015381","tt17528660","http://www.wikidata.org/entity/Q177955","SF Studios"
"http://www.wikidata.org/entity/Q11574373","tt2069804","http://www.wikidata.org/entity/Q201487","Nikkatsu"
"http://www.wikidata.org/entity/Q110868131","tt16254308","http://www.wikidata.org/entity/Q21017080","New Classics Media"
"http://www.wikidata.org/entity/Q27964614","tt5187816","http://www.wikidata.org/entity/Q24905052","Fundamental Films"
"http://www.wikidata.org/entity/Q30887729","tt0326724","http://www.wikidata.org/entity/Q1066018","Toei Company"
"http://www.wikidata.org/entity/Q110192938","tt11096624","http://www.wikidata.org/entity/Q11235263","TOHO Studios Co., Ltd."
"http://www.wikidata.org/entity/Q30887729","tt0326724","http://www.wikidata.org/entity/Q11527257","Toei tokyo movie studio"
"http://www.wikidata.org/entity/Q48755495","tt7702896","http://www.wikidata.org/entity/Q110211368","Django Film"
"http://www.wikidata.org/entity/Q60174582","tt10037700","http://www.wikidata.org/entity/Q730179","Toei Animation"
"http://www.wikidata.org/entity/Q65172755","tt0031605","http://www.wikidata.org/entity/Q875920","Toho"
"http://www.wikidata.org/entity/Q86751860","tt11433874","http://www.wikidata.org/entity/Q735670","Production I.G"
"http://www.wikidata.org/entity/Q86751860","tt11433874","http://www.wikidata.org/entity/Q875920","Toho"
"http://www.wikidata.org/entity/Q4673447","tt0086848","http://www.wikidata.org/entity/Q6379314","Kavithalayaa Productions"
"http://www.wikidata.org/entity/Q4811865","tt0355224","http://www.wikidata.org/entity/Q7645776","Suresh Productions"
"http://www.wikidata.org/entity/Q16557902","tt0477732","http://www.wikidata.org/entity/Q16596685","Ring-Film GmbH"
"http://www.wikidata.org/entity/Q42210774","tt6274040","http://www.wikidata.org/entity/Q42212872","A.G. Films Arthur Günsburg"
"http://www.wikidata.org/entity/Q94996524","tt0089405","http://www.wikidata.org/entity/Q48989","ZDF"
"http://www.wikidata.org/entity/Q16549290","tt0477920","http://www.wikidata.org/entity/Q16596685","Ring-Film GmbH"
"http://www.wikidata.org/entity/Q94996524","tt0089405","http://www.wikidata.org/entity/Q22000010","Aura Films"
"http://www.wikidata.org/entity/Q94996524","tt0089405","http://www.wikidata.org/entity/Q27901721","Institut del Cinema Català"
"http://www.wikidata.org/entity/Q21999848","tt1482105","http://www.wikidata.org/entity/Q3531832","Modern Theatres"
"http://www.wikidata.org/entity/Q3472125","tt0083570","http://www.wikidata.org/entity/Q5289625","Dolphin Films Pvt. Ltd"
"http://www.wikidata.org/entity/Q4780487","tt1346243","http://www.wikidata.org/entity/Q6365386","Kanteerava Studios"
"http://www.wikidata.org/entity/Q4827455","tt2710344","http://www.wikidata.org/entity/Q6379314","Kavithalayaa Productions"
"http://www.wikidata.org/entity/Q23954874","tt0442394","http://www.wikidata.org/entity/Q7118104","PAGU"
"http://www.wikidata.org/entity/Q21869649","tt0447287","http://www.wikidata.org/entity/Q441021","Aafa-Film"
"http://www.wikidata.org/entity/Q4831866","tt0449828","http://www.wikidata.org/entity/Q6379314","Kavithalayaa Productions"
"http://www.wikidata.org/entity/Q4661098","tt0263019","http://www.wikidata.org/entity/Q7238445","Prasad Studios"
"http://www.wikidata.org/entity/Q4662791","tt0260679","http://www.wikidata.org/entity/Q7421974","Saradhi Studios"
"http://www.wikidata.org/entity/Q114354300","tt14176696","http://www.wikidata.org/entity/Q1402681","Rat Pack Filmproduktion"
"http://www.wikidata.org/entity/Q65149109","tt4693588","http://www.wikidata.org/entity/Q1322641","France 3"
"http://www.wikidata.org/entity/Q64733269","tt9303772","http://www.wikidata.org/entity/Q3488561","Société nouvelle de distribution"
"http://www.wikidata.org/entity/Q3850727","tt0133955","http://www.wikidata.org/entity/Q7118104","PAGU"
"http://www.wikidata.org/entity/Q66831826","tt9767556","http://www.wikidata.org/entity/Q16679546","The Film"
"http://www.wikidata.org/entity/Q64733269","tt9303772","http://www.wikidata.org/entity/Q29029066","Radar Films"
"http://www.wikidata.org/entity/Q75610719","tt8707124","http://www.wikidata.org/entity/Q56585223","Laterit Productions (France)"
"http://www.wikidata.org/entity/Q1306424","tt0078481","http://www.wikidata.org/entity/Q55163","Robert Altman"
"http://www.wikidata.org/entity/Q115491271","tt26680456","http://www.wikidata.org/entity/Q2833663","Alexandre Films"
"http://www.wikidata.org/entity/Q6075513","tt0489713","http://www.wikidata.org/entity/Q5389773","Erler Film"
"http://www.wikidata.org/entity/Q72083028","tt0280192","http://www.wikidata.org/entity/Q5389773","Erler Film"
"http://www.wikidata.org/entity/Q1481681","tt1686039","http://www.wikidata.org/entity/Q2741255","IM Global"
"http://www.wikidata.org/entity/Q1481681","tt1686039","http://www.wikidata.org/entity/Q3634702","Reliance Entertainment"
"http://www.wikidata.org/entity/Q6055751","tt0348171","http://www.wikidata.org/entity/Q5389773","Erler Film"
"http://www.wikidata.org/entity/Q1481681","tt1686039","http://www.wikidata.org/entity/Q6072093","Pinema"
"http://www.wikidata.org/entity/Q1481681","tt1686039","http://www.wikidata.org/entity/Q19610828","Boyut Film"
"http://www.wikidata.org/entity/Q123051190","tt27729122","http://www.wikidata.org/entity/Q19814222","MK2"
"http://www.wikidata.org/entity/Q73122850","tt6045680","http://www.wikidata.org/entity/Q5389773","Erler Film"
"http://www.wikidata.org/entity/Q69884673","tt10872982","http://www.wikidata.org/entity/Q3343724","Normaal"
"http://www.wikidata.org/entity/Q67457693","tt0183732","http://www.wikidata.org/entity/Q5389773","Erler Film"
"http://www.wikidata.org/entity/Q39047265","tt8929446","http://www.wikidata.org/entity/Q947930","OLM, Inc."
"http://www.wikidata.org/entity/Q56276371","tt0046117","http://www.wikidata.org/entity/Q1982923","New Theatres"
"http://www.wikidata.org/entity/Q6055706","tt0183962","http://www.wikidata.org/entity/Q5389773","Erler Film"
"http://www.wikidata.org/entity/Q14757213","tt0810424","http://www.wikidata.org/entity/Q5389773","Erler Film"
"http://www.wikidata.org/entity/Q18713112","tt1956545","http://www.wikidata.org/entity/Q5389773","Erler Film"
"http://www.wikidata.org/entity/Q1742094","tt1332134","http://www.wikidata.org/entity/Q11956464","4 1/2 Film"
"http://www.wikidata.org/entity/Q5978161","tt2708644","http://www.wikidata.org/entity/Q7667850","T-Series"
"http://www.wikidata.org/entity/Q120833281","tt27811636","http://www.wikidata.org/entity/Q126399","Warner Bros."
"http://www.wikidata.org/entity/Q12861658","tt0280698","http://www.wikidata.org/entity/Q36824","Kartuli Pilmi"
"http://www.wikidata.org/entity/Q6931757","tt4339008","http://www.wikidata.org/entity/Q3523697","AVM Productions"
"http://www.wikidata.org/entity/Q48427642","tt0254798","http://www.wikidata.org/entity/Q7645776","Suresh Productions"
"http://www.wikidata.org/entity/Q3132119","tt0233933","http://www.wikidata.org/entity/Q7876989","Udaya Pictures"
"http://www.wikidata.org/entity/Q20814876","tt0267060","http://www.wikidata.org/entity/Q7929249","Vijaya Vauhini Studios"
"http://www.wikidata.org/entity/Q39048115","tt8016356","http://www.wikidata.org/entity/Q48724507","Pushkar Films"
"http://www.wikidata.org/entity/Q39048115","tt8016356","http://www.wikidata.org/entity/Q65402227","Paramvah Studios"
"http://www.wikidata.org/entity/Q18170997","tt0234959","http://www.wikidata.org/entity/Q3523697","AVM Productions"
"http://www.wikidata.org/entity/Q115013634","tt22311492","http://www.wikidata.org/entity/Q7667850","T-Series"
"http://www.wikidata.org/entity/Q108101639","tt13364468","http://www.wikidata.org/entity/Q3349794","Red Chillies Entertainment"
"http://www.wikidata.org/entity/Q7126852","tt0234414","http://www.wikidata.org/entity/Q7876989","Udaya Pictures"
"http://www.wikidata.org/entity/Q28174134","tt1547039","http://www.wikidata.org/entity/Q19891438","Eskay Movies"
"http://www.wikidata.org/entity/Q108101639","tt13364468","http://www.wikidata.org/entity/Q24905328","Drishyam Films"
"http://www.wikidata.org/entity/Q77889831","tt10902596","http://www.wikidata.org/entity/Q48812264","Greentouch Entertainment"
"http://www.wikidata.org/entity/Q6173124","tt0240631","http://www.wikidata.org/entity/Q3523697","AVM Productions"
"http://www.wikidata.org/entity/Q12975472","tt0497369","http://www.wikidata.org/entity/Q3531832","Modern Theatres"
"http://www.wikidata.org/entity/Q113991017","tt10152488","http://www.wikidata.org/entity/Q10498467","France 2 Cinéma"
"http://www.wikidata.org/entity/Q113991017","tt10152488","http://www.wikidata.org/entity/Q15242616","Scope Pictures"
"http://www.wikidata.org/entity/Q113991017","tt10152488","http://www.wikidata.org/entity/Q16662670","Mandarin et Compagnie - Mandarin Télévision"
"http://www.wikidata.org/entity/Q24278830","tt5928556","http://www.wikidata.org/entity/Q17067950","Jaaz Multimedia"
"http://www.wikidata.org/entity/Q108084407","tt15048614","http://www.wikidata.org/entity/Q55638217","Zee Studios"
"http://www.wikidata.org/entity/Q115978799","tt22086334","http://www.wikidata.org/entity/Q4849846","Balaji Motion Pictures"
"http://www.wikidata.org/entity/Q25383928","tt0303716","http://www.wikidata.org/entity/Q141336","Mosfilm"
"http://www.wikidata.org/entity/Q19599734","tt0155217","http://www.wikidata.org/entity/Q1982923","New Theatres"
"http://www.wikidata.org/entity/Q19893704","tt0275497","http://www.wikidata.org/entity/Q7237232","Prabhat Film Company"
"http://www.wikidata.org/entity/Q60738435","tt9564774","http://www.wikidata.org/entity/Q7645776","Suresh Productions"
"http://www.wikidata.org/entity/Q18809240","tt1579746","http://www.wikidata.org/entity/Q7907203","VMC Productions"
"http://www.wikidata.org/entity/Q17479178","tt0205371","http://www.wikidata.org/entity/Q41468","UFA"
"http://www.wikidata.org/entity/Q18396510","tt0305218","http://www.wikidata.org/entity/Q158478","Lenfilm"
"http://www.wikidata.org/entity/Q6443517","tt0187218","http://www.wikidata.org/entity/Q6820497","Merryland Studio"
"http://www.wikidata.org/entity/Q112030247","tt19799764","http://www.wikidata.org/entity/Q48726351","Coconut Motion Pictures"
"http://www.wikidata.org/entity/Q104821313","tt10811166","http://www.wikidata.org/entity/Q55638217","Zee Studios"
"http://www.wikidata.org/entity/Q104821313","tt10811166","http://www.wikidata.org/entity/Q111262042","Abhishek Agarwal Arts"
"http://www.wikidata.org/entity/Q12523677","tt0028626","http://www.wikidata.org/entity/Q1982923","New Theatres"
"http://www.wikidata.org/entity/Q115959696","tt15516226","http://www.wikidata.org/entity/Q85795495","RSVP Movies"
"http://www.wikidata.org/entity/Q55658182","tt10449126","http://www.wikidata.org/entity/Q4438452","Sreda"
"http://www.wikidata.org/entity/Q19571454","tt0154411","http://www.wikidata.org/entity/Q1982923","New Theatres"
"http://www.wikidata.org/entity/Q116029175","tt15717192","http://www.wikidata.org/entity/Q55638217","Zee Studios"
"http://www.wikidata.org/entity/Q4164066","tt0091717","http://www.wikidata.org/entity/Q5289625","Dolphin Films Pvt. Ltd"
"http://www.wikidata.org/entity/Q111598988","tt18923048","http://www.wikidata.org/entity/Q16250829","Friday Filmworks"
"http://www.wikidata.org/entity/Q111598988","tt18923048","http://www.wikidata.org/entity/Q28154233","Plan C Studios"
"http://www.wikidata.org/entity/Q1891288","tt0214919","http://www.wikidata.org/entity/Q3531832","Modern Theatres"
"http://www.wikidata.org/entity/Q27590633","tt0187502","http://www.wikidata.org/entity/Q4768004","Annapurna Studios"
"http://www.wikidata.org/entity/Q11029822","tt0234739","http://www.wikidata.org/entity/Q7123846","Padmalaya Studios"
"http://www.wikidata.org/entity/Q7285203","tt0259533","http://www.wikidata.org/entity/Q7421974","Saradhi Studios"
"http://www.wikidata.org/entity/Q29032887","tt4767340","http://www.wikidata.org/entity/Q16711321","Federal Fund for Social and Economic Support of Domestic Cinematography"
"http://www.wikidata.org/entity/Q24555195","tt5889406","http://www.wikidata.org/entity/Q25344648","Tarang Cine Productions"
"http://www.wikidata.org/entity/Q29018075","tt6409416","http://www.wikidata.org/entity/Q28154447","Colour Yellow Productions"
"http://www.wikidata.org/entity/Q4309583","tt0165890","http://www.wikidata.org/entity/Q1012251","Gorky Film Studio"
"http://www.wikidata.org/entity/Q6772032","tt0258791","http://www.wikidata.org/entity/Q15252736","Mehboob Studio"
"http://www.wikidata.org/entity/Q25397048","tt0154931","http://www.wikidata.org/entity/Q17068451","Madan Theatres"
"http://www.wikidata.org/entity/Q3480833","tt0208440","http://www.wikidata.org/entity/Q913462","Gaumont Film Company"
"http://www.wikidata.org/entity/Q3361988","tt0285868","http://www.wikidata.org/entity/Q3374896","Pentamedia Graphics"
"http://www.wikidata.org/entity/Q3536835","tt10128024","http://www.wikidata.org/entity/Q18393052","Radaan Mediaworks"
"http://www.wikidata.org/entity/Q67197538","tt10541028","http://www.wikidata.org/entity/Q55637792","Windows Production House"
"http://www.wikidata.org/entity/Q110442392","tt14433712","http://www.wikidata.org/entity/Q4651702","AGS Entertainment"
"http://www.wikidata.org/entity/Q109002043","tt6265050","http://www.wikidata.org/entity/Q7924435","Viacom 18 Motion Pictures"
"http://www.wikidata.org/entity/Q6962455","tt10189406","http://www.wikidata.org/entity/Q17075754","V. V. Creations"
"http://www.wikidata.org/entity/Q6360993","tt1380135","http://www.wikidata.org/entity/Q19899094","Ushakiran Movies"
"http://www.wikidata.org/entity/Q6172889","tt0361770","http://www.wikidata.org/entity/Q3523697","AVM Productions"
"http://www.wikidata.org/entity/Q4855116","tt0266298","http://www.wikidata.org/entity/Q7917399","Vauhini Studios"
"http://www.wikidata.org/entity/Q1988359","tt0258242","http://www.wikidata.org/entity/Q89029986","Ciné B"
"http://www.wikidata.org/entity/Q55631121","tt14773324","http://www.wikidata.org/entity/Q7503531","Shree Venkatesh Films"
"http://www.wikidata.org/entity/Q66424074","tt8919364","http://www.wikidata.org/entity/Q7503531","Shree Venkatesh Films"
"http://www.wikidata.org/entity/Q4067978","tt0092574","http://www.wikidata.org/entity/Q158478","Lenfilm"
"http://www.wikidata.org/entity/Q15270543","tt0336482","http://www.wikidata.org/entity/Q158478","Lenfilm"
"http://www.wikidata.org/entity/Q6732878","tt0261034","http://www.wikidata.org/entity/Q4765742","Anjali Pictures"
"http://www.wikidata.org/entity/Q5680740","tt0260945","http://www.wikidata.org/entity/Q6365386","Kanteerava Studios"
"http://www.wikidata.org/entity/Q12929428","tt1427087","http://www.wikidata.org/entity/Q7917399","Vauhini Studios"
"http://www.wikidata.org/entity/Q16320589","tt0451153","http://www.wikidata.org/entity/Q75533","National Film Development Corporation of India"
"http://www.wikidata.org/entity/Q4059869","tt0092525","http://www.wikidata.org/entity/Q141336","Mosfilm"
"http://www.wikidata.org/entity/Q10968093","tt0137958","http://www.wikidata.org/entity/Q1936629","Minerva Movietone"
"http://www.wikidata.org/entity/Q92564712","tt0046796","http://www.wikidata.org/entity/Q1982923","New Theatres"
"http://www.wikidata.org/entity/Q3651786","tt0008360","http://www.wikidata.org/entity/Q4461043","Khanzhonkov Company"
"http://www.wikidata.org/entity/Q7126964","tt14787878","http://www.wikidata.org/entity/Q23038264","Sri Thenandal Films"
"http://www.wikidata.org/entity/Q11039108","tt0266463","http://www.wikidata.org/entity/Q7123846","Padmalaya Studios"
"http://www.wikidata.org/entity/Q21869406","tt13447940","http://www.wikidata.org/entity/Q17067950","Jaaz Multimedia"
"http://www.wikidata.org/entity/Q64768666","tt14773980","http://www.wikidata.org/entity/Q21178934","Surinder Films"
"http://www.wikidata.org/entity/Q6191157","tt0033772","http://www.wikidata.org/entity/Q497661","Bombay Talkies"
"http://www.wikidata.org/entity/Q6965164","tt1020978","http://www.wikidata.org/entity/Q3529282","Tips Industries"
"http://www.wikidata.org/entity/Q5269471","tt6801812","http://www.wikidata.org/entity/Q5312254","Duet Movies"
"http://www.wikidata.org/entity/Q6991636","tt1192385","http://www.wikidata.org/entity/Q17075754","V. V. Creations"
"http://www.wikidata.org/entity/Q7899084","tt12868066","http://www.wikidata.org/entity/Q5530647","Gemini Film Circuit"
"http://www.wikidata.org/entity/Q19573654","tt7414250","http://www.wikidata.org/entity/Q6379314","Kavithalayaa Productions"
"http://www.wikidata.org/entity/Q101245144","tt12929738","http://www.wikidata.org/entity/Q16249595","Jar Pictures"
"http://www.wikidata.org/entity/Q105755451","tt0296093","http://www.wikidata.org/entity/Q10498468","France 3 Cinéma"
"http://www.wikidata.org/entity/Q55392299","tt8459304","http://www.wikidata.org/entity/Q17082833","Phantom Films"
"http://www.wikidata.org/entity/Q105755451","tt0296093","http://www.wikidata.org/entity/Q30737762","Téléma"
"http://www.wikidata.org/entity/Q4258718","tt0903877","http://www.wikidata.org/entity/Q4461043","Khanzhonkov Company"
"http://www.wikidata.org/entity/Q7158183","tt0234437","http://www.wikidata.org/entity/Q7876989","Udaya Pictures"
"http://www.wikidata.org/entity/Q29344595","tt6069422","http://www.wikidata.org/entity/Q19891438","Eskay Movies"
"http://www.wikidata.org/entity/Q111909673","tt14209750","http://www.wikidata.org/entity/Q19899283","Vaaraahi Chalana Chitram"
"http://www.wikidata.org/entity/Q3982998","tt0193556","http://www.wikidata.org/entity/Q159846","Paramount Pictures"
"http://www.wikidata.org/entity/Q12988783","tt3269194","http://www.wikidata.org/entity/Q6379314","Kavithalayaa Productions"
"http://www.wikidata.org/entity/Q10971775","tt0269343","http://www.wikidata.org/entity/Q7237232","Prabhat Film Company"
"http://www.wikidata.org/entity/Q85748217","tt10545298","http://www.wikidata.org/entity/Q21178934","Surinder Films"
"http://www.wikidata.org/entity/Q1433318","tt0165558","http://www.wikidata.org/entity/Q41468","UFA"
"http://www.wikidata.org/entity/Q64860432","tt7432050","http://www.wikidata.org/entity/Q5098089","Children's Film Society, India"
"http://www.wikidata.org/entity/Q106468636","tt13551614","http://www.wikidata.org/entity/Q106282857","Prithviraj Productions"
"http://www.wikidata.org/entity/Q111804665","tt0245992","http://www.wikidata.org/entity/Q4461037","Trading House"
"http://www.wikidata.org/entity/Q10971664","tt0155226","http://www.wikidata.org/entity/Q7917399","Vauhini Studios"
"http://www.wikidata.org/entity/Q38805039","tt7228220","http://www.wikidata.org/entity/Q48812264","Greentouch Entertainment"
"http://www.wikidata.org/entity/Q113493289","tt15354916","http://www.wikidata.org/entity/Q3349794","Red Chillies Entertainment"
"http://www.wikidata.org/entity/Q107439510","tt12613748","http://www.wikidata.org/entity/Q7503531","Shree Venkatesh Films"
"http://www.wikidata.org/entity/Q110393399","tt11730914","http://www.wikidata.org/entity/Q27959494","Sathya Jyothi Films"
"http://www.wikidata.org/entity/Q4193771","tt0111846","http://www.wikidata.org/entity/Q1012251","Gorky Film Studio"
"http://www.wikidata.org/entity/Q18394186","tt7455564","http://www.wikidata.org/entity/Q6379314","Kavithalayaa Productions"
"http://www.wikidata.org/entity/Q118179871","tt24485052","http://www.wikidata.org/entity/Q55638217","Zee Studios"
"http://www.wikidata.org/entity/Q104904706","tt4435072","http://www.wikidata.org/entity/Q1207592","Dharma Productions"
"http://www.wikidata.org/entity/Q7240406","tt0256282","http://www.wikidata.org/entity/Q7421974","Saradhi Studios"
"http://www.wikidata.org/entity/Q106311282","tt14307578","http://www.wikidata.org/entity/Q7503531","Shree Venkatesh Films"
"http://www.wikidata.org/entity/Q16248590","tt3734580","http://www.wikidata.org/entity/Q17082833","Phantom Films"
"http://www.wikidata.org/entity/Q106390615","tt13983280","http://www.wikidata.org/entity/Q21178934","Surinder Films"
"http://www.wikidata.org/entity/Q7239768","tt0273996","http://www.wikidata.org/entity/Q6820497","Merryland Studio"
"http://www.wikidata.org/entity/Q106311023","tt14107554","http://www.wikidata.org/entity/Q85783035","Maddock Films"
"http://www.wikidata.org/entity/Q7295859","tt0259535","http://www.wikidata.org/entity/Q4901083","Bharani Pictures"
"http://www.wikidata.org/entity/Q19600214","tt1427154","http://www.wikidata.org/entity/Q7929249","Vijaya Vauhini Studios"
"http://www.wikidata.org/entity/Q19892796","tt0231902","http://www.wikidata.org/entity/Q28223631","Playart Phototone"
"http://www.wikidata.org/entity/Q106348441","tt14099334","http://www.wikidata.org/entity/Q85783035","Maddock Films"
"http://www.wikidata.org/entity/Q59192679","tt8903294","http://www.wikidata.org/entity/Q86441056","PM S.A."
"http://www.wikidata.org/entity/Q119414001","tt2822034","http://www.wikidata.org/entity/Q8073","ARTE"
"http://www.wikidata.org/entity/Q119414001","tt2822034","http://www.wikidata.org/entity/Q108285995","Les Films de l'Étranger"
"http://www.wikidata.org/entity/Q1962112","tt1239426","http://www.wikidata.org/entity/Q2621941","Belarusfilm"
"http://www.wikidata.org/entity/Q10962766","tt0030505","http://www.wikidata.org/entity/Q497661","Bombay Talkies"
"http://www.wikidata.org/entity/Q48427397","tt0263202","http://www.wikidata.org/entity/Q3523697","AVM Productions"
"http://www.wikidata.org/entity/Q7086768","tt0158044","http://www.wikidata.org/entity/Q5530669","Gemini Studios"
"http://www.wikidata.org/entity/Q24905709","tt0248907","http://www.wikidata.org/entity/Q7929249","Vijaya Vauhini Studios"
"http://www.wikidata.org/entity/Q48671462","tt0155404","http://www.wikidata.org/entity/Q7943939","Vyjayanthi Movies"
"http://www.wikidata.org/entity/Q91649958","tt0128992","http://www.wikidata.org/entity/Q3492475","Sovkino"
"http://www.wikidata.org/entity/Q16855919","tt0023365","http://www.wikidata.org/entity/Q41468","UFA"
"http://www.wikidata.org/entity/Q16312670","tt0247020","http://www.wikidata.org/entity/Q5530669","Gemini Studios"
"http://www.wikidata.org/entity/Q6945252","tt0353769","http://www.wikidata.org/entity/Q24905282","Jubilee Productions"
"http://www.wikidata.org/entity/Q5987788","tt0231778","http://www.wikidata.org/entity/Q5530669","Gemini Studios"
"http://www.wikidata.org/entity/Q85042177","tt11489112","http://www.wikidata.org/entity/Q78343557","Zero One Film"
"http://www.wikidata.org/entity/Q57592644","tt10140922","http://www.wikidata.org/entity/Q141336","Mosfilm"
"http://www.wikidata.org/entity/Q18393311","tt1579682","http://www.wikidata.org/entity/Q4768004","Annapurna Studios"
"http://www.wikidata.org/entity/Q27963070","tt0262704","http://www.wikidata.org/entity/Q7645776","Suresh Productions"
"http://www.wikidata.org/entity/Q21646143","tt0263100","http://www.wikidata.org/entity/Q16242963","Annapurna Pictures"
"http://www.wikidata.org/entity/Q7262445","tt13906718","http://www.wikidata.org/entity/Q5312254","Duet Movies"
"http://www.wikidata.org/entity/Q109973387","tt15568576","http://www.wikidata.org/entity/Q7503531","Shree Venkatesh Films"
"http://www.wikidata.org/entity/Q108559121","tt10913120","http://www.wikidata.org/entity/Q21178934","Surinder Films"
"http://www.wikidata.org/entity/Q122148958","tt22309174","http://www.wikidata.org/entity/Q56063582","Yoodlee films"
"http://www.wikidata.org/entity/Q4060301","tt0092526","http://www.wikidata.org/entity/Q141336","Mosfilm"
"http://www.wikidata.org/entity/Q61884574","tt8427168","http://www.wikidata.org/entity/Q7503531","Shree Venkatesh Films"
"http://www.wikidata.org/entity/Q6373537","tt0187201","http://www.wikidata.org/entity/Q7917399","Vauhini Studios"
"http://www.wikidata.org/entity/Q4316242","tt0135568","http://www.wikidata.org/entity/Q1012251","Gorky Film Studio"
"http://www.wikidata.org/entity/Q4080577","tt0169597","http://www.wikidata.org/entity/Q158478","Lenfilm"
"http://www.wikidata.org/entity/Q18345759","tt0155066","http://www.wikidata.org/entity/Q1982923","New Theatres"
"http://www.wikidata.org/entity/Q21646746","tt0331294","http://www.wikidata.org/entity/Q5530669","Gemini Studios"
"http://www.wikidata.org/entity/Q106173855","tt14260908","http://www.wikidata.org/entity/Q21178934","Surinder Films"
"http://www.wikidata.org/entity/Q18126578","tt0154715","http://www.wikidata.org/entity/Q1982923","New Theatres"
"http://www.wikidata.org/entity/Q55604914","tt0233292","http://www.wikidata.org/entity/Q3523697","AVM Productions"
"http://www.wikidata.org/entity/Q59457414","tt9332680","http://www.wikidata.org/entity/Q6426591","Kokers Films"
"http://www.wikidata.org/entity/Q5070661","tt0259242","http://www.wikidata.org/entity/Q7288829","Ramakrishna Studios"
"http://www.wikidata.org/entity/Q13002940","tt0249871","http://www.wikidata.org/entity/Q7943939","Vyjayanthi Movies"
"http://www.wikidata.org/entity/Q12916379","tt0319358","http://www.wikidata.org/entity/Q7929249","Vijaya Vauhini Studios"
"http://www.wikidata.org/entity/Q107006604","tt14252742","http://www.wikidata.org/entity/Q19899107","UV Creations"
"http://www.wikidata.org/entity/Q12923518","tt14789156","http://www.wikidata.org/entity/Q7285335","Raj Network"
"http://www.wikidata.org/entity/Q19580963","tt14741206","http://www.wikidata.org/entity/Q7943939","Vyjayanthi Movies"
"http://www.wikidata.org/entity/Q119718014","tt27851639","http://www.wikidata.org/entity/Q50335374","Manchester Films"
"http://www.wikidata.org/entity/Q7917617","tt0042016","http://www.wikidata.org/entity/Q3523697","AVM Productions"
"http://www.wikidata.org/entity/Q16249514","tt2649930","http://www.wikidata.org/entity/Q7667850","T-Series"
"http://www.wikidata.org/entity/Q119718014","tt27851639","http://www.wikidata.org/entity/Q1544011","Pathé"
"http://www.wikidata.org/entity/Q65058947","tt10300662","http://www.wikidata.org/entity/Q21178934","Surinder Films"
"http://www.wikidata.org/entity/Q6986436","tt11227418","http://www.wikidata.org/entity/Q6379314","Kavithalayaa Productions"
"http://www.wikidata.org/entity/Q16251437","tt10128026","http://www.wikidata.org/entity/Q17073471","Raj TV"
"http://www.wikidata.org/entity/Q106855868","tt13684082","http://www.wikidata.org/entity/Q19891438","Eskay Movies"
"http://www.wikidata.org/entity/Q64768365","tt9614900","http://www.wikidata.org/entity/Q21178934","Surinder Films"
"http://www.wikidata.org/entity/Q65212832","tt0305474","http://www.wikidata.org/entity/Q141336","Mosfilm"
"http://www.wikidata.org/entity/Q3598992","tt0117956","http://www.wikidata.org/entity/Q3664077","Cecchi Gori Group"
"http://www.wikidata.org/entity/Q106616993","tt11460992","http://www.wikidata.org/entity/Q16824512","Ajay Devgn Films"
"http://www.wikidata.org/entity/Q106616993","tt11460992","http://www.wikidata.org/entity/Q19895072","Panorama Studios"
"http://www.wikidata.org/entity/Q55393463","tt8658520","http://www.wikidata.org/entity/Q21178934","Surinder Films"
"http://www.wikidata.org/entity/Q16561925","tt0203539","http://www.wikidata.org/entity/Q3785038","Walton Studios"
"http://www.wikidata.org/entity/Q7123268","tt0213970","http://www.wikidata.org/entity/Q6820497","Merryland Studio"
"http://www.wikidata.org/entity/Q65113791","tt1396220","http://www.wikidata.org/entity/Q64975161","6291635 Canada Inc."
"http://www.wikidata.org/entity/Q106298596","tt13927994","http://www.wikidata.org/entity/Q85767116","Hombale Films"
"http://www.wikidata.org/entity/Q10501836","tt0085574","http://www.wikidata.org/entity/Q177955","SF Studios"
"http://www.wikidata.org/entity/Q1154209","tt0046970","http://www.wikidata.org/entity/Q186941","Columbia Pictures"
"http://www.wikidata.org/entity/Q106577763","tt11703710","http://www.wikidata.org/entity/Q2939795","Carnival Films"
"http://www.wikidata.org/entity/Q123008243","tt19892778","http://www.wikidata.org/entity/Q3339153","Third World Newsreel"
"http://www.wikidata.org/entity/Q3796580","tt1256596","http://www.wikidata.org/entity/Q4015737","Vivo Film"
"http://www.wikidata.org/entity/Q6070367","tt0856789","http://www.wikidata.org/entity/Q6084163","TMC"
"http://www.wikidata.org/entity/Q20814734","tt0268596","http://www.wikidata.org/entity/Q7399015","Sagar Films"
"http://www.wikidata.org/entity/Q7105140","tt0155932","http://www.wikidata.org/entity/Q7876989","Udaya Pictures"
"http://www.wikidata.org/entity/Q10501836","tt0085574","http://www.wikidata.org/entity/Q19921662","TV1 Fiction"
"http://www.wikidata.org/entity/Q96377612","tt10046694","http://www.wikidata.org/entity/Q28843477","Go Films"
"http://www.wikidata.org/entity/Q49835081","tt0075608","http://www.wikidata.org/entity/Q47155173","Association coopérative de productions audio-visuelles"
"http://www.wikidata.org/entity/Q106807587","tt2610468","http://www.wikidata.org/entity/Q106807663","Reprise Films"
"http://www.wikidata.org/entity/Q3656305","tt0099101","http://www.wikidata.org/entity/Q5289625","Dolphin Films Pvt. Ltd"
"http://www.wikidata.org/entity/Q51756477","tt10499474","http://www.wikidata.org/entity/Q113291749","Corporate world pictures"
"http://www.wikidata.org/entity/Q84994658","tt0095254","http://www.wikidata.org/entity/Q577589","Dovzhenko Film Studios"
"http://www.wikidata.org/entity/Q7606919","tt2967286","http://www.wikidata.org/entity/Q749550","White Fox"
"http://www.wikidata.org/entity/Q1741043","tt0107042","http://www.wikidata.org/entity/Q971446","BBC Film"
"http://www.wikidata.org/entity/Q98245668","tt0215590","http://www.wikidata.org/entity/Q1530721","National Film Board of Canada"
"http://www.wikidata.org/entity/Q109937230","tt0109983","http://www.wikidata.org/entity/Q1530721","National Film Board of Canada"
"http://www.wikidata.org/entity/Q4426790","tt8836652","http://www.wikidata.org/entity/Q775818","Riga Film Studio"
"http://www.wikidata.org/entity/Q19946486","tt0032036","http://www.wikidata.org/entity/Q7107029","Oslo Kino"
"http://www.wikidata.org/entity/Q25205805","tt0076121","http://www.wikidata.org/entity/Q16132630","Geva films"
"http://www.wikidata.org/entity/Q7313943","tt0133290","http://www.wikidata.org/entity/Q25490973","Herzliya Studios"
"http://www.wikidata.org/entity/Q52837086","tt0151763","http://www.wikidata.org/entity/Q25490973","Herzliya Studios"
"http://www.wikidata.org/entity/Q52837302","tt0066782","http://www.wikidata.org/entity/Q25490973","Herzliya Studios"
"http://www.wikidata.org/entity/Q52837401","tt0138077","http://www.wikidata.org/entity/Q25490973","Herzliya Studios"
"http://www.wikidata.org/entity/Q7783672","tt0378661","http://www.wikidata.org/entity/Q3128481","Haut et Court"
"http://www.wikidata.org/entity/Q11974082","tt0150819","http://www.wikidata.org/entity/Q10603029","Norsk Film"
"http://www.wikidata.org/entity/Q21401863","tt0057661","http://www.wikidata.org/entity/Q10603029","Norsk Film"
"http://www.wikidata.org/entity/Q21401863","tt0057661","http://www.wikidata.org/entity/Q21936051","Teamfilm"
"http://www.wikidata.org/entity/Q97732951","tt6866006","http://www.wikidata.org/entity/Q22283906","Cinenord"
"http://www.wikidata.org/entity/Q3202577","tt0070942","http://www.wikidata.org/entity/Q541569","Orange Sky Golden Harvest"
"http://www.wikidata.org/entity/Q1479227","tt1650407","http://www.wikidata.org/entity/Q3657087","Motlys"
"http://www.wikidata.org/entity/Q11973219","tt0033682","http://www.wikidata.org/entity/Q10603029","Norsk Film"
"http://www.wikidata.org/entity/Q111141984","tt13938818","http://www.wikidata.org/entity/Q19725211","Dapur Film"
"http://www.wikidata.org/entity/Q12516501","tt1152790","http://www.wikidata.org/entity/Q19752838","Soraya Intercine Films"
"http://www.wikidata.org/entity/Q111141984","tt13938818","http://www.wikidata.org/entity/Q56085408","MD Pictures"
"http://www.wikidata.org/entity/Q59659800","tt0209447","http://www.wikidata.org/entity/Q1530721","National Film Board of Canada"
"http://www.wikidata.org/entity/Q47002224","tt0107738","http://www.wikidata.org/entity/Q4466160","Turkmenfilm"
"http://www.wikidata.org/entity/Q25466602","tt11644582","http://www.wikidata.org/entity/Q20427837","MNC Pictures"
"http://www.wikidata.org/entity/Q19600208","tt1579708","http://www.wikidata.org/entity/Q24905466","Sridevi Movies"
"http://www.wikidata.org/entity/Q237134","tt0037884","http://www.wikidata.org/entity/Q159846","Paramount Pictures"
"http://www.wikidata.org/entity/Q7554740","tt0152509","http://www.wikidata.org/entity/Q639923","Uzbekfilm"
"http://www.wikidata.org/entity/Q47466537","tt0055043","http://www.wikidata.org/entity/Q1161600","Mafilm"
"http://www.wikidata.org/entity/Q107637917","tt0224163","http://www.wikidata.org/entity/Q1530721","National Film Board of Canada"
"http://www.wikidata.org/entity/Q112624395","tt20454864","http://www.wikidata.org/entity/Q12696352","MD Entertainment"
"http://www.wikidata.org/entity/Q12494282","tt1137973","http://www.wikidata.org/entity/Q14474500","Rapi Films"
"http://www.wikidata.org/entity/Q19730614","tt1170005","http://www.wikidata.org/entity/Q19752838","Soraya Intercine Films"
"http://www.wikidata.org/entity/Q115920068","tt12719878","http://www.wikidata.org/entity/Q56085408","MD Pictures"
"http://www.wikidata.org/entity/Q115920068","tt12719878","http://www.wikidata.org/entity/Q107639163","Dee Company"
"http://www.wikidata.org/entity/Q3878422","tt0188956","http://www.wikidata.org/entity/Q439623","Itala Film"
"http://www.wikidata.org/entity/Q3675393","tt0938579","http://www.wikidata.org/entity/Q2842456","Film Ambrosio"
"http://www.wikidata.org/entity/Q3722030","tt1215858","http://www.wikidata.org/entity/Q2842456","Film Ambrosio"
"http://www.wikidata.org/entity/Q3845254","tt0933082","http://www.wikidata.org/entity/Q2842456","Film Ambrosio"
"http://www.wikidata.org/entity/Q3850701","tt0185466","http://www.wikidata.org/entity/Q2842456","Film Ambrosio"
"http://www.wikidata.org/entity/Q3818650","tt0185158","http://www.wikidata.org/entity/Q3557806","Vides Cinematografica"
"http://www.wikidata.org/entity/Q21646669","tt0183457","http://www.wikidata.org/entity/Q3649554","Caesar Film"
"http://www.wikidata.org/entity/Q826451","tt0156706","http://www.wikidata.org/entity/Q3745442","Filmirage"
"http://www.wikidata.org/entity/Q3818650","tt0185158","http://www.wikidata.org/entity/Q3840934","Lux Film"
"http://www.wikidata.org/entity/Q3805913","tt0172620","http://www.wikidata.org/entity/Q3857797","Milano Films"
"http://www.wikidata.org/entity/Q16576002","tt0041638","http://www.wikidata.org/entity/Q3940534","Romana Film"
"http://www.wikidata.org/entity/Q3842351","tt1041788","http://www.wikidata.org/entity/Q3991110","Tiber Film"
"http://www.wikidata.org/entity/Q83612946","tt11536476","http://www.wikidata.org/entity/Q17034494","Golden Scene"
"http://www.wikidata.org/entity/Q18816371","tt9700764","http://www.wikidata.org/entity/Q19295678","Mano Film"
"http://www.wikidata.org/entity/Q109355923","tt15838850","http://www.wikidata.org/entity/Q109301276","B.A. Entertainment"
"http://www.wikidata.org/entity/Q111942047","tt13421498","http://www.wikidata.org/entity/Q971446","BBC Film"
"http://www.wikidata.org/entity/Q3838384","tt0183429","http://www.wikidata.org/entity/Q2842456","Film Ambrosio"
"http://www.wikidata.org/entity/Q60835040","tt9015532","http://www.wikidata.org/entity/Q3460921","Sacher Film"
"http://www.wikidata.org/entity/Q3615040","tt1041687","http://www.wikidata.org/entity/Q3664262","Celio Film"
"http://www.wikidata.org/entity/Q30890049","tt0045642","http://www.wikidata.org/entity/Q3940534","Romana Film"
"http://www.wikidata.org/entity/Q3819947","tt0943361","http://www.wikidata.org/entity/Q3951149","Savoia Film"
"http://www.wikidata.org/entity/Q3487373","tt0038942","http://www.wikidata.org/entity/Q3951435","Scalera Film"
"http://www.wikidata.org/entity/Q3847894","tt1230277","http://www.wikidata.org/entity/Q439623","Itala Film"
"http://www.wikidata.org/entity/Q3757425","tt1486689","http://www.wikidata.org/entity/Q2842456","Film Ambrosio"
"http://www.wikidata.org/entity/Q3780181","tt1080942","http://www.wikidata.org/entity/Q2842456","Film Ambrosio"
"http://www.wikidata.org/entity/Q3836764","tt1177149","http://www.wikidata.org/entity/Q2842456","Film Ambrosio"
"http://www.wikidata.org/entity/Q4025031","tt0192870","http://www.wikidata.org/entity/Q2842456","Film Ambrosio"
"http://www.wikidata.org/entity/Q3630523","tt0891444","http://www.wikidata.org/entity/Q3857797","Milano Films"
"http://www.wikidata.org/entity/Q3818217","tt0188397","http://www.wikidata.org/entity/Q3991110","Tiber Film"
"http://www.wikidata.org/entity/Q113954049","tt0195881","http://www.wikidata.org/entity/Q3614072","American Film Manufacturing Company"
"http://www.wikidata.org/entity/Q79627108","tt0032646","http://www.wikidata.org/entity/Q5861995","Filmófono"
"http://www.wikidata.org/entity/Q110846722","tt11069476","http://www.wikidata.org/entity/Q111132676","Boogaloo Films"
"http://www.wikidata.org/entity/Q2188914","tt1987018","http://www.wikidata.org/entity/Q525894","France 2"
"http://www.wikidata.org/entity/Q2188914","tt1987018","http://www.wikidata.org/entity/Q913462","Gaumont Film Company"
"http://www.wikidata.org/entity/Q2188914","tt1987018","http://www.wikidata.org/entity/Q1190356","RTBF"
"http://www.wikidata.org/entity/Q3614781","tt0007616","http://www.wikidata.org/entity/Q1418400","Vitagraph Studios"
"http://www.wikidata.org/entity/Q18340907","tt0012245","http://www.wikidata.org/entity/Q1418400","Vitagraph Studios"
"http://www.wikidata.org/entity/Q21714902","tt0008994","http://www.wikidata.org/entity/Q2644123","Fox Film Corporation"
"http://www.wikidata.org/entity/Q5522037","tt1344315","http://www.wikidata.org/entity/Q2429494","Television of Catalonia"
"http://www.wikidata.org/entity/Q3602456","tt0010109","http://www.wikidata.org/entity/Q2644123","Fox Film Corporation"
"http://www.wikidata.org/entity/Q18642933","tt0014062","http://www.wikidata.org/entity/Q2644123","Fox Film Corporation"
"http://www.wikidata.org/entity/Q21534761","tt0010990","http://www.wikidata.org/entity/Q2644123","Fox Film Corporation"
"http://www.wikidata.org/entity/Q48674420","tt0013633","http://www.wikidata.org/entity/Q2644123","Fox Film Corporation"
"http://www.wikidata.org/entity/Q19865453","tt4172430","http://www.wikidata.org/entity/Q159846","Paramount Pictures"
"http://www.wikidata.org/entity/Q107348809","tt10949028","http://www.wikidata.org/entity/Q5096273","Chicken Soup for the Soul"
"http://www.wikidata.org/entity/Q86009686","tt0069878","http://www.wikidata.org/entity/Q7634417","Suevia Films"
"http://www.wikidata.org/entity/Q113963830","tt0194381","http://www.wikidata.org/entity/Q9763057","Cinedistri"
"http://www.wikidata.org/entity/Q107348809","tt10949028","http://www.wikidata.org/entity/Q30602389","Screen Media"
"http://www.wikidata.org/entity/Q95483925","tt0091873","http://www.wikidata.org/entity/Q101122825","Els Films de la Rambla"
"http://www.wikidata.org/entity/Q113111263","tt11069038","http://www.wikidata.org/entity/Q108784198","Lastor Media"
"http://www.wikidata.org/entity/Q107348809","tt10949028","http://www.wikidata.org/entity/Q112083373","Cranium Entertainment"
"http://www.wikidata.org/entity/Q3602747","tt0010713","http://www.wikidata.org/entity/Q159846","Paramount Pictures"
"http://www.wikidata.org/entity/Q17383896","tt0011778","http://www.wikidata.org/entity/Q168383","Universal Pictures"
"http://www.wikidata.org/entity/Q21496682","tt0012679","http://www.wikidata.org/entity/Q168383","Universal Pictures"
"http://www.wikidata.org/entity/Q9294457","tt0198717","http://www.wikidata.org/entity/Q16056309","Embrafilme"
"http://www.wikidata.org/entity/Q10344558","tt0186437","http://www.wikidata.org/entity/Q16056309","Embrafilme"
"http://www.wikidata.org/entity/Q63923947","tt10065694","http://www.wikidata.org/entity/Q515869","Lionsgate"
"http://www.wikidata.org/entity/Q2560489","tt0038871","http://www.wikidata.org/entity/Q736464","Hanna-Barbera"
"http://www.wikidata.org/entity/Q54870808","tt0011452","http://www.wikidata.org/entity/Q1418400","Vitagraph Studios"
"http://www.wikidata.org/entity/Q111541382","tt13835046","http://www.wikidata.org/entity/Q1459090","The Asylum"
"http://www.wikidata.org/entity/Q16524462","tt0011435","http://www.wikidata.org/entity/Q2644123","Fox Film Corporation"
"http://www.wikidata.org/entity/Q3602747","tt0010713","http://www.wikidata.org/entity/Q3739165","Famous Players-Lasky Corporation"
"http://www.wikidata.org/entity/Q107125026","tt13867056","http://www.wikidata.org/entity/Q54829","RTVE"
"http://www.wikidata.org/entity/Q4259969","tt0097730","http://www.wikidata.org/entity/Q141336","Mosfilm"
"http://www.wikidata.org/entity/Q115595453","tt0049638","http://www.wikidata.org/entity/Q141336","Mosfilm"
"http://www.wikidata.org/entity/Q3783925","tt0008063","http://www.wikidata.org/entity/Q168383","Universal Pictures"
"http://www.wikidata.org/entity/Q16401618","tt0363736","http://www.wikidata.org/entity/Q537375","Armenfilm"
"http://www.wikidata.org/entity/Q4506302","tt0173366","http://www.wikidata.org/entity/Q577589","Dovzhenko Film Studios"
"http://www.wikidata.org/entity/Q117085310","tt0172861","http://www.wikidata.org/entity/Q577589","Dovzhenko Film Studios"
"http://www.wikidata.org/entity/Q108940282","tt1695843","http://www.wikidata.org/entity/Q191224","Walt Disney Pictures"
"http://www.wikidata.org/entity/Q107125026","tt13867056","http://www.wikidata.org/entity/Q16928132","Movistar Plus+"
"http://www.wikidata.org/entity/Q111383001","tt16965198","http://www.wikidata.org/entity/Q60644453","Alba Sotorra Productions"
"http://www.wikidata.org/entity/Q67915898","tt0012112","http://www.wikidata.org/entity/Q65090344","Selznick Pictures"
"http://www.wikidata.org/entity/Q111705556","tt0195719","http://www.wikidata.org/entity/Q65090344","Selznick Pictures"
"http://www.wikidata.org/entity/Q107125026","tt13867056","http://www.wikidata.org/entity/Q80177162","Tornasol Films"
"http://www.wikidata.org/entity/Q108940282","tt1695843","http://www.wikidata.org/entity/Q96419248","Rideback"
"http://www.wikidata.org/entity/Q16350407","tt0041781","http://www.wikidata.org/entity/Q775818","Riga Film Studio"
"http://www.wikidata.org/entity/Q3735495","tt0010094","http://www.wikidata.org/entity/Q1418400","Vitagraph Studios"
"http://www.wikidata.org/entity/Q21183960","tt0006307","http://www.wikidata.org/entity/Q2644123","Fox Film Corporation"
"http://www.wikidata.org/entity/Q76960380","tt11498038","http://www.wikidata.org/entity/Q12594195","Lotte Entertainment"
"http://www.wikidata.org/entity/Q4192570","tt0090375","http://www.wikidata.org/entity/Q141336","Mosfilm"
"http://www.wikidata.org/entity/Q4340662","tt0263805","http://www.wikidata.org/entity/Q141336","Mosfilm"
"http://www.wikidata.org/entity/Q21639520","tt0061211","http://www.wikidata.org/entity/Q141336","Mosfilm"
"http://www.wikidata.org/entity/Q61100949","tt9647926","http://www.wikidata.org/entity/Q55737940","Choirock Contents Company"
"http://www.wikidata.org/entity/Q4404667","tt0093905","http://www.wikidata.org/entity/Q158478","Lenfilm"
"http://www.wikidata.org/entity/Q13053106","tt0363738","http://www.wikidata.org/entity/Q537375","Armenfilm"
"http://www.wikidata.org/entity/Q97171423","tt0314098","http://www.wikidata.org/entity/Q577589","Dovzhenko Film Studios"
"http://www.wikidata.org/entity/Q4367108","tt0190639","http://www.wikidata.org/entity/Q639923","Uzbekfilm"
"http://www.wikidata.org/entity/Q4473653","tt0128798","http://www.wikidata.org/entity/Q775818","Riga Film Studio"
"http://www.wikidata.org/entity/Q111915694","tt8105234","http://www.wikidata.org/entity/Q953040","Searchlight Pictures"
"http://www.wikidata.org/entity/Q4528048","tt0096104","http://www.wikidata.org/entity/Q1012251","Gorky Film Studio"
"http://www.wikidata.org/entity/Q21282636","tt0007904","http://www.wikidata.org/entity/Q2644123","Fox Film Corporation"
"http://www.wikidata.org/entity/Q53854471","tt0011284","http://www.wikidata.org/entity/Q2644123","Fox Film Corporation"
"http://www.wikidata.org/entity/Q12659526","tt4842450","http://www.wikidata.org/entity/Q4263938","Lithuanian Film Studios"
"http://www.wikidata.org/entity/Q99627884","tt0034125","http://www.wikidata.org/entity/Q4430598","Soyusdetfilm"
"http://www.wikidata.org/entity/Q16715362","tt0197979","http://www.wikidata.org/entity/Q4530492","Studio Ekran"
"http://www.wikidata.org/entity/Q106765100","tt0086175","http://www.wikidata.org/entity/Q141336","Mosfilm"
"http://www.wikidata.org/entity/Q4230166","tt0030331","http://www.wikidata.org/entity/Q158478","Lenfilm"
"http://www.wikidata.org/entity/Q97182869","tt0370606","http://www.wikidata.org/entity/Q158478","Lenfilm"
"http://www.wikidata.org/entity/Q4410643","tt0252029","http://www.wikidata.org/entity/Q577589","Dovzhenko Film Studios"
"http://www.wikidata.org/entity/Q4205181","tt0370785","http://www.wikidata.org/entity/Q1012251","Gorky Film Studio"
"http://www.wikidata.org/entity/Q123858541","tt0246273","http://www.wikidata.org/entity/Q1012251","Gorky Film Studio"
"http://www.wikidata.org/entity/Q3747534","tt0012181","http://www.wikidata.org/entity/Q3739165","Famous Players-Lasky Corporation"
"http://www.wikidata.org/entity/Q3758616","tt0012202","http://www.wikidata.org/entity/Q3739165","Famous Players-Lasky Corporation"
"http://www.wikidata.org/entity/Q4430725","tt11906140","http://www.wikidata.org/entity/Q4102048","All-Ukrainian Photo-Cinema Administration"
"http://www.wikidata.org/entity/Q64224796","tt0195787","http://www.wikidata.org/entity/Q65090344","Selznick Pictures"
"http://www.wikidata.org/entity/Q21183816","tt0009183","http://www.wikidata.org/entity/Q1418400","Vitagraph Studios"
"http://www.wikidata.org/entity/Q4462374","tt0063717","http://www.wikidata.org/entity/Q1971240","Sverdlovsk Film Studio"
"http://www.wikidata.org/entity/Q4331120","tt0052021","http://www.wikidata.org/entity/Q2875131","Azerbaijanfilm"
"http://www.wikidata.org/entity/Q16349214","tt0314454","http://www.wikidata.org/entity/Q775818","Riga Film Studio"
"http://www.wikidata.org/entity/Q4225000","tt0097675","http://www.wikidata.org/entity/Q1012251","Gorky Film Studio"
"http://www.wikidata.org/entity/Q48953551","tt0321555","http://www.wikidata.org/entity/Q1012251","Gorky Film Studio"
"http://www.wikidata.org/entity/Q115780306","tt1303774","http://www.wikidata.org/entity/Q1012251","Gorky Film Studio"
"http://www.wikidata.org/entity/Q4215459","tt6689322","http://www.wikidata.org/entity/Q2628487","Odesa Film Studio"
"http://www.wikidata.org/entity/Q8564063","tt2351310","http://www.wikidata.org/entity/Q7509507","SidusHQ"
"http://www.wikidata.org/entity/Q48953551","tt0321555","http://www.wikidata.org/entity/Q1130457","Gerasimov Institute of Cinematography"
"http://www.wikidata.org/entity/Q16654927","tt0011238","http://www.wikidata.org/entity/Q1188369","First National"
"http://www.wikidata.org/entity/Q106756446","tt0174305","http://www.wikidata.org/entity/Q1975431","Kyrgyzfilm"
"http://www.wikidata.org/entity/Q4102803","tt0083274","http://www.wikidata.org/entity/Q141336","Mosfilm"
"http://www.wikidata.org/entity/Q4348410","tt0079708","http://www.wikidata.org/entity/Q141336","Mosfilm"
"http://www.wikidata.org/entity/Q17582645","tt0347660","http://www.wikidata.org/entity/Q141336","Mosfilm"
"http://www.wikidata.org/entity/Q106755873","tt1663320","http://www.wikidata.org/entity/Q141336","Mosfilm"
"http://www.wikidata.org/entity/Q4526931","tt0050966","http://www.wikidata.org/entity/Q158478","Lenfilm"
"http://www.wikidata.org/entity/Q113502270","tt0079695","http://www.wikidata.org/entity/Q158478","Lenfilm"
"http://www.wikidata.org/entity/Q57780025","tt0015786","http://www.wikidata.org/entity/Q2644123","Fox Film Corporation"
"http://www.wikidata.org/entity/Q3785811","tt0009181","http://www.wikidata.org/entity/Q3739165","Famous Players-Lasky Corporation"
"http://www.wikidata.org/entity/Q57314405","tt0011286","http://www.wikidata.org/entity/Q168383","Universal Pictures"
"http://www.wikidata.org/entity/Q4450432","tt0086411","http://www.wikidata.org/entity/Q1012251","Gorky Film Studio"
"http://www.wikidata.org/entity/Q112657755","tt0382727","http://www.wikidata.org/entity/Q1971240","Sverdlovsk Film Studio"
"http://www.wikidata.org/entity/Q15985065","tt0253209","http://www.wikidata.org/entity/Q141336","Mosfilm"
"http://www.wikidata.org/entity/Q106729670","tt0092181","http://www.wikidata.org/entity/Q141336","Mosfilm"
"http://www.wikidata.org/entity/Q4422358","tt0086317","http://www.wikidata.org/entity/Q158478","Lenfilm"
"http://www.wikidata.org/entity/Q97205408","tt12669716","http://www.wikidata.org/entity/Q483971","Stone Music Entertainment"
"http://www.wikidata.org/entity/Q20082826","tt0347619","http://www.wikidata.org/entity/Q577589","Dovzhenko Film Studios"
"http://www.wikidata.org/entity/Q4106975","tt0201300","http://www.wikidata.org/entity/Q639923","Uzbekfilm"
"http://www.wikidata.org/entity/Q109428629","tt0034532","http://www.wikidata.org/entity/Q639923","Uzbekfilm"
"http://www.wikidata.org/entity/Q3758136","tt1914260","http://www.wikidata.org/entity/Q689021","Selig Polyscope Company"
"http://www.wikidata.org/entity/Q4492447","tt0306827","http://www.wikidata.org/entity/Q1012251","Gorky Film Studio"
"http://www.wikidata.org/entity/Q4501435","tt0093343","http://www.wikidata.org/entity/Q1012251","Gorky Film Studio"
"http://www.wikidata.org/entity/Q114671766","tt0127982","http://www.wikidata.org/entity/Q1012251","Gorky Film Studio"
"http://www.wikidata.org/entity/Q5689609","tt0018983","http://www.wikidata.org/entity/Q1414304","Film Booking Offices of America"
"http://www.wikidata.org/entity/Q48836178","tt0011199","http://www.wikidata.org/entity/Q2644123","Fox Film Corporation"
"http://www.wikidata.org/entity/Q4202733","tt0298376","http://www.wikidata.org/entity/Q4300318","Moldova-Film"
"http://www.wikidata.org/entity/Q116442876","tt28106766","http://www.wikidata.org/entity/Q85983145","Filmmaker R&K"
"http://www.wikidata.org/entity/Q115945792","tt10405390","http://www.wikidata.org/entity/Q108444743","Black Sheep Productions"
"http://www.wikidata.org/entity/Q106363032","tt14128670","http://www.wikidata.org/entity/Q79202","New Line Cinema"
"http://www.wikidata.org/entity/Q110811753","tt11358390","http://www.wikidata.org/entity/Q168383","Universal Pictures"
"http://www.wikidata.org/entity/Q18636458","tt0020034","http://www.wikidata.org/entity/Q179200","Metro-Goldwyn-Mayer"
"http://www.wikidata.org/entity/Q108704293","tt13650494","http://www.wikidata.org/entity/Q191224","Walt Disney Pictures"
"http://www.wikidata.org/entity/Q111530175","tt3427252","http://www.wikidata.org/entity/Q434841","20th Century Studios"
"http://www.wikidata.org/entity/Q7728110","tt0006557","http://www.wikidata.org/entity/Q689021","Selig Polyscope Company"
"http://www.wikidata.org/entity/Q4133833","tt0336493","http://www.wikidata.org/entity/Q1971240","Sverdlovsk Film Studio"
"http://www.wikidata.org/entity/Q111720319","tt17048330","http://www.wikidata.org/entity/Q2501552","Disneynature"
"http://www.wikidata.org/entity/Q21195382","tt0009999","http://www.wikidata.org/entity/Q2644123","Fox Film Corporation"
"http://www.wikidata.org/entity/Q28000933","tt0011983","http://www.wikidata.org/entity/Q2644123","Fox Film Corporation"
"http://www.wikidata.org/entity/Q110811753","tt11358390","http://www.wikidata.org/entity/Q7537603","Skybound Entertainment"
"http://www.wikidata.org/entity/Q111530175","tt3427252","http://www.wikidata.org/entity/Q16973462","21 Laps Entertainment"
"http://www.wikidata.org/entity/Q116464655","tt9048804","http://www.wikidata.org/entity/Q28137015","Shudder"
"http://www.wikidata.org/entity/Q123691930","tt18969072","http://www.wikidata.org/entity/Q56085408","MD Pictures"
"http://www.wikidata.org/entity/Q56489260","tt0015010","http://www.wikidata.org/entity/Q1188369","First National"
"http://www.wikidata.org/entity/Q61876370","tt9603212","http://www.wikidata.org/entity/Q159846","Paramount Pictures"
"http://www.wikidata.org/entity/Q65070206","tt0013080","http://www.wikidata.org/entity/Q168383","Universal Pictures"
"http://www.wikidata.org/entity/Q8847943","tt0005767","http://www.wikidata.org/entity/Q2061750","Thanhouser Company"
"http://www.wikidata.org/entity/Q21752625","tt0010044","http://www.wikidata.org/entity/Q2644123","Fox Film Corporation"
"http://www.wikidata.org/entity/Q65794470","tt0013124","http://www.wikidata.org/entity/Q2644123","Fox Film Corporation"
"http://www.wikidata.org/entity/Q61876370","tt9603212","http://www.wikidata.org/entity/Q3486445","Skydance Media"
"http://www.wikidata.org/entity/Q3882656","tt0004431","http://www.wikidata.org/entity/Q1368540","Essanay Studios"
"http://www.wikidata.org/entity/Q21183824","tt0176850","http://www.wikidata.org/entity/Q1418400","Vitagraph Studios"
"http://www.wikidata.org/entity/Q91476670","tt0195711","http://www.wikidata.org/entity/Q1418400","Vitagraph Studios"
"http://www.wikidata.org/entity/Q117443220","tt24078380","http://www.wikidata.org/entity/Q5013473","Sony Pictures Television Nonfiction"
"http://www.wikidata.org/entity/Q7571879","tt0008612","http://www.wikidata.org/entity/Q7360829","Rolfe Photoplays"
"http://www.wikidata.org/entity/Q27958509","tt4154916","http://www.wikidata.org/entity/Q17305133","di Bonaventura Pictures"
"http://www.wikidata.org/entity/Q27958509","tt4154916","http://www.wikidata.org/entity/Q24905052","Fundamental Films"
"http://www.wikidata.org/entity/Q116797612","tt21991654","http://www.wikidata.org/entity/Q115726136","Hammerstone Studios"
"http://www.wikidata.org/entity/Q117443220","tt24078380","http://www.wikidata.org/entity/Q120675533","NBC News Studios"
"http://www.wikidata.org/entity/Q84712809","tt10151854","http://www.wikidata.org/entity/Q79202","New Line Cinema"
"http://www.wikidata.org/entity/Q3929292","tt0015569","http://www.wikidata.org/entity/Q168383","Universal Pictures"
"http://www.wikidata.org/entity/Q43831007","tt0011646","http://www.wikidata.org/entity/Q168383","Universal Pictures"
"http://www.wikidata.org/entity/Q110010607","tt2560078","http://www.wikidata.org/entity/Q434841","20th Century Studios"
"http://www.wikidata.org/entity/Q98756146","tt0012686","http://www.wikidata.org/entity/Q1414304","Film Booking Offices of America"
"http://www.wikidata.org/entity/Q112341432","tt8521778","http://www.wikidata.org/entity/Q1753057","Tuff Gong"
"http://www.wikidata.org/entity/Q3944974","tt0158909","http://www.wikidata.org/entity/Q2061750","Thanhouser Company"
"http://www.wikidata.org/entity/Q21752618","tt0008921","http://www.wikidata.org/entity/Q2644123","Fox Film Corporation"
"http://www.wikidata.org/entity/Q4224373","tt0206827","http://www.wikidata.org/entity/Q3067564","New World Pictures"
"http://www.wikidata.org/entity/Q110010607","tt2560078","http://www.wikidata.org/entity/Q3476213","Scott Free Productions"
"http://www.wikidata.org/entity/Q110010607","tt2560078","http://www.wikidata.org/entity/Q84266729","LuckyChap Entertainment"
"http://www.wikidata.org/entity/Q110845166","tt0157467","http://www.wikidata.org/entity/Q110845446","Ivan Film Productions"
"http://www.wikidata.org/entity/Q7729950","tt0010066","http://www.wikidata.org/entity/Q8035724","World Film Company"
"http://www.wikidata.org/entity/Q110550428","tt17041964","http://www.wikidata.org/entity/Q15994987","CNN Films"
"http://www.wikidata.org/entity/Q84712809","tt10151854","http://www.wikidata.org/entity/Q17295785","The Safran Company"
"http://www.wikidata.org/entity/Q84712809","tt10151854","http://www.wikidata.org/entity/Q31197934","DC Entertainment"
"http://www.wikidata.org/entity/Q110550428","tt17041964","http://www.wikidata.org/entity/Q65359104","Max"
"http://www.wikidata.org/entity/Q52715594","tt0018019","http://www.wikidata.org/entity/Q126399","Warner Bros."
"http://www.wikidata.org/entity/Q113879962","tt4900148","http://www.wikidata.org/entity/Q127552","Pixar"
"http://www.wikidata.org/entity/Q112183404","tt13433802","http://www.wikidata.org/entity/Q159846","Paramount Pictures"
"http://www.wikidata.org/entity/Q62761097","tt0013133","http://www.wikidata.org/entity/Q168383","Universal Pictures"
"http://www.wikidata.org/entity/Q104834533","tt0011473","http://www.wikidata.org/entity/Q2644123","Fox Film Corporation"
"http://www.wikidata.org/entity/Q109116363","tt15248702","http://www.wikidata.org/entity/Q2924461","DC Comics"
"http://www.wikidata.org/entity/Q7734901","tt0007970","http://www.wikidata.org/entity/Q5433479","Famous Players Film Company"
"http://www.wikidata.org/entity/Q112183404","tt13433802","http://www.wikidata.org/entity/Q682748","Platinum Dunes"
"http://www.wikidata.org/entity/Q65054038","tt0014334","http://www.wikidata.org/entity/Q1418400","Vitagraph Studios"
"http://www.wikidata.org/entity/Q3986222","tt0005071","http://www.wikidata.org/entity/Q2644123","Fox Film Corporation"
"http://www.wikidata.org/entity/Q55628379","tt0018250","http://www.wikidata.org/entity/Q2644123","Fox Film Corporation"
"http://www.wikidata.org/entity/Q117842589","tt17219484","http://www.wikidata.org/entity/Q8565195","20th Digital Studio"
"http://www.wikidata.org/entity/Q109116363","tt15248702","http://www.wikidata.org/entity/Q13416804","Warner Bros. Animation"
"http://www.wikidata.org/entity/Q728539","tt0435705","http://www.wikidata.org/entity/Q159846","Paramount Pictures"
"http://www.wikidata.org/entity/Q7639837","tt0011743","http://www.wikidata.org/entity/Q168383","Universal Pictures"
"http://www.wikidata.org/entity/Q64627114","tt0011328","http://www.wikidata.org/entity/Q168383","Universal Pictures"
"http://www.wikidata.org/entity/Q728539","tt0435705","http://www.wikidata.org/entity/Q1160868","Revolution Studios"
"http://www.wikidata.org/entity/Q728539","tt0435705","http://www.wikidata.org/entity/Q2079232","Saturn Films"
"http://www.wikidata.org/entity/Q59783168","tt8535180","http://www.wikidata.org/entity/Q2079232","Saturn Films"
"http://www.wikidata.org/entity/Q728539","tt0435705","http://www.wikidata.org/entity/Q2527943","Virtual Studios"
"http://www.wikidata.org/entity/Q55154954","tt0012522","http://www.wikidata.org/entity/Q2644123","Fox Film Corporation"
"http://www.wikidata.org/entity/Q60575326","tt0013882","http://www.wikidata.org/entity/Q2644123","Fox Film Corporation"
"http://www.wikidata.org/entity/Q59783168","tt8535180","http://www.wikidata.org/entity/Q3879177","Millennium Media"
"http://www.wikidata.org/entity/Q59783168","tt8535180","http://www.wikidata.org/entity/Q5120635","CineTel Films"
"http://www.wikidata.org/entity/Q65056754","tt0007858","http://www.wikidata.org/entity/Q8035724","World Film Company"
"http://www.wikidata.org/entity/Q114850108","tt22394694","http://www.wikidata.org/entity/Q17275678","Emmett/Furla Films"
"http://www.wikidata.org/entity/Q111022194","tt0011109","http://www.wikidata.org/entity/Q65090344","Selznick Pictures"
"http://www.wikidata.org/entity/Q111709845","tt0143206","http://www.wikidata.org/entity/Q65090344","Selznick Pictures"
"http://www.wikidata.org/entity/Q107808351","tt9362930","http://www.wikidata.org/entity/Q126399","Warner Bros."
"http://www.wikidata.org/entity/Q3646857","tt0011036","http://www.wikidata.org/entity/Q168383","Universal Pictures"
"http://www.wikidata.org/entity/Q99528828","tt0010032","http://www.wikidata.org/entity/Q179922","Goldwyn Pictures"
"http://www.wikidata.org/entity/Q15076279","tt0007938","http://www.wikidata.org/entity/Q1368540","Essanay Studios"
"http://www.wikidata.org/entity/Q3986512","tt0006566","http://www.wikidata.org/entity/Q1418400","Vitagraph Studios"
"http://www.wikidata.org/entity/Q3842257","tt0008241","http://www.wikidata.org/entity/Q2644123","Fox Film Corporation"
"http://www.wikidata.org/entity/Q21752642","tt0010404","http://www.wikidata.org/entity/Q2644123","Fox Film Corporation"
"http://www.wikidata.org/entity/Q104834530","tt0011418","http://www.wikidata.org/entity/Q2644123","Fox Film Corporation"
"http://www.wikidata.org/entity/Q2957846","tt0007783","http://www.wikidata.org/entity/Q3614072","American Film Manufacturing Company"
"http://www.wikidata.org/entity/Q107808351","tt9362930","http://www.wikidata.org/entity/Q17295785","The Safran Company"
"http://www.wikidata.org/entity/Q106994644","tt14001894","http://www.wikidata.org/entity/Q17305144","Jerry Bruckheimer Films"
"http://www.wikidata.org/entity/Q109941604","tt12610794","http://www.wikidata.org/entity/Q21043034","Universal Subscription"
"http://www.wikidata.org/entity/Q107808351","tt9362930","http://www.wikidata.org/entity/Q31197934","DC Entertainment"
"http://www.wikidata.org/entity/Q63924322","tt0012043","http://www.wikidata.org/entity/Q65090344","Selznick Pictures"
"http://www.wikidata.org/entity/Q86595145","tt0179143","http://www.wikidata.org/entity/Q65090344","Selznick Pictures"
"http://www.wikidata.org/entity/Q122974345","tt27619382","http://www.wikidata.org/entity/Q115818387","Divide/Conquer"
"http://www.wikidata.org/entity/Q19363743","tt0196827","http://www.wikidata.org/entity/Q3739165","Famous Players-Lasky Corporation"
"http://www.wikidata.org/entity/Q87656624","tt0046883","http://www.wikidata.org/entity/Q7634417","Suevia Films"
"http://www.wikidata.org/entity/Q8845133","tt0003756","http://www.wikidata.org/entity/Q2061750","Thanhouser Company"
"http://www.wikidata.org/entity/Q8852031","tt0008974","http://www.wikidata.org/entity/Q2644123","Fox Film Corporation"
"http://www.wikidata.org/entity/Q21752714","tt0009270","http://www.wikidata.org/entity/Q2644123","Fox Film Corporation"
"http://www.wikidata.org/entity/Q50280758","tt0018406","http://www.wikidata.org/entity/Q2644123","Fox Film Corporation"
"http://www.wikidata.org/entity/Q18151989","tt0095556","http://www.wikidata.org/entity/Q79202","New Line Cinema"
"http://www.wikidata.org/entity/Q17154499","tt0003139","http://www.wikidata.org/entity/Q116439","Lubin Manufacturing Company"
"http://www.wikidata.org/entity/Q20004656","tt0003825","http://www.wikidata.org/entity/Q116439","Lubin Manufacturing Company"
"http://www.wikidata.org/entity/Q3958320","tt0089997","http://www.wikidata.org/entity/Q126399","Warner Bros."
"http://www.wikidata.org/entity/Q3859611","tt0007085","http://www.wikidata.org/entity/Q168383","Universal Pictures"
"http://www.wikidata.org/entity/Q56692194","tt0018225","http://www.wikidata.org/entity/Q168383","Universal Pictures"
"http://www.wikidata.org/entity/Q122231675","tt14509110","http://www.wikidata.org/entity/Q434841","20th Century Studios"
"http://www.wikidata.org/entity/Q100801718","tt10731256","http://www.wikidata.org/entity/Q79202","New Line Cinema"
"http://www.wikidata.org/entity/Q61782163","tt0004829","http://www.wikidata.org/entity/Q116439","Lubin Manufacturing Company"
"http://www.wikidata.org/entity/Q3521392","tt0008138","http://www.wikidata.org/entity/Q2644123","Fox Film Corporation"
"http://www.wikidata.org/entity/Q3989388","tt0006075","http://www.wikidata.org/entity/Q2644123","Fox Film Corporation"
"http://www.wikidata.org/entity/Q21752630","tt0009069","http://www.wikidata.org/entity/Q2644123","Fox Film Corporation"
"http://www.wikidata.org/entity/Q64768450","tt0011724","http://www.wikidata.org/entity/Q2644123","Fox Film Corporation"
"http://www.wikidata.org/entity/Q86723129","tt0011582","http://www.wikidata.org/entity/Q2644123","Fox Film Corporation"
"http://www.wikidata.org/entity/Q7847203","tt0260440","http://www.wikidata.org/entity/Q640786","Troma Entertainment"
"http://www.wikidata.org/entity/Q3944895","tt0020116","http://www.wikidata.org/entity/Q1414304","Film Booking Offices of America"
"http://www.wikidata.org/entity/Q3989824","tt0010839","http://www.wikidata.org/entity/Q1418400","Vitagraph Studios"
"http://www.wikidata.org/entity/Q5277784","tt0006594","http://www.wikidata.org/entity/Q186941","Columbia Pictures"
"http://www.wikidata.org/entity/Q16028729","tt0005795","http://www.wikidata.org/entity/Q606359","Edison Studios"
"http://www.wikidata.org/entity/Q3730104","tt0004636","http://www.wikidata.org/entity/Q2880613","Balboa Amusement Producing Company"
"http://www.wikidata.org/entity/Q100801718","tt10731256","http://www.wikidata.org/entity/Q3556262","Vertigo Entertainment"
"http://www.wikidata.org/entity/Q108760382","tt14230458","http://www.wikidata.org/entity/Q5448886","Film4 Productions"
"http://www.wikidata.org/entity/Q43208920","tt0012551","http://www.wikidata.org/entity/Q18477363","National Film Corporation of America"
"http://www.wikidata.org/entity/Q108760382","tt14230458","http://www.wikidata.org/entity/Q24196182","Element Pictures"
"http://www.wikidata.org/entity/Q67927050","tt0012378","http://www.wikidata.org/entity/Q65090344","Selznick Pictures"
"http://www.wikidata.org/entity/Q72109016","tt0012617","http://www.wikidata.org/entity/Q65090344","Selznick Pictures"
"http://www.wikidata.org/entity/Q7560089","tt0012712","http://www.wikidata.org/entity/Q119138938","Realart Pictures Corporation"
"http://www.wikidata.org/entity/Q63565882","tt0011230","http://www.wikidata.org/entity/Q168383","Universal Pictures"
"http://www.wikidata.org/entity/Q56816886","tt0014544","http://www.wikidata.org/entity/Q126399","Warner Bros."
"http://www.wikidata.org/entity/Q61722208","tt0014570","http://www.wikidata.org/entity/Q168383","Universal Pictures"
"http://www.wikidata.org/entity/Q63450246","tt0011225","http://www.wikidata.org/entity/Q168383","Universal Pictures"
"http://www.wikidata.org/entity/Q115804740","tt22640398","http://www.wikidata.org/entity/Q59165","ProSiebenSat.1 Media SE"
"http://www.wikidata.org/entity/Q107210110","tt14824600","http://www.wikidata.org/entity/Q79202","New Line Cinema"
"http://www.wikidata.org/entity/Q3990831","tt0010773","http://www.wikidata.org/entity/Q2644123","Fox Film Corporation"
"http://www.wikidata.org/entity/Q18151541","tt0011384","http://www.wikidata.org/entity/Q2644123","Fox Film Corporation"
"http://www.wikidata.org/entity/Q15122556","tt0158954","http://www.wikidata.org/entity/Q2880613","Balboa Amusement Producing Company"
"http://www.wikidata.org/entity/Q8028689","tt0009823","http://www.wikidata.org/entity/Q3614072","American Film Manufacturing Company"
"http://www.wikidata.org/entity/Q20006166","tt0202621","http://www.wikidata.org/entity/Q3614072","American Film Manufacturing Company"
"http://www.wikidata.org/entity/Q115804740","tt22640398","http://www.wikidata.org/entity/Q3641076","Bloody Disgusting"
"http://www.wikidata.org/entity/Q3753712","tt0133781","http://www.wikidata.org/entity/Q3739165","Famous Players-Lasky Corporation"
"http://www.wikidata.org/entity/Q117323743","tt14362112","http://www.wikidata.org/entity/Q500088","DreamWorks Animation"
"http://www.wikidata.org/entity/Q19364001","tt0012860","http://www.wikidata.org/entity/Q1136177","Cosmopolitan Productions"
"http://www.wikidata.org/entity/Q84083878","tt0196878","http://www.wikidata.org/entity/Q1418400","Vitagraph Studios"
"http://www.wikidata.org/entity/Q3988116","tt0178719","http://www.wikidata.org/entity/Q5433479","Famous Players Film Company"
"http://www.wikidata.org/entity/Q115804740","tt22640398","http://www.wikidata.org/entity/Q7281049","Radio Silence Productions"
"http://www.wikidata.org/entity/Q107210110","tt14824600","http://www.wikidata.org/entity/Q13416804","Warner Bros. Animation"
"http://www.wikidata.org/entity/Q62595490","tt0178098","http://www.wikidata.org/entity/Q17174309","Associated Exhibitors"
"http://www.wikidata.org/entity/Q97117309","tt0012377","http://www.wikidata.org/entity/Q18480374","Canyon Pictures Corporation"
"http://www.wikidata.org/entity/Q16028643","tt0011402","http://www.wikidata.org/entity/Q63819163","The Bessie Barriscale Feature Company"
"http://www.wikidata.org/entity/Q107210110","tt14824600","http://www.wikidata.org/entity/Q85867255","Sola Digital Arts"
"http://www.wikidata.org/entity/Q47500738","tt0016529","http://www.wikidata.org/entity/Q126399","Warner Bros."
"http://www.wikidata.org/entity/Q16618479","tt0011798","http://www.wikidata.org/entity/Q168383","Universal Pictures"
"http://www.wikidata.org/entity/Q55740814","tt0013714","http://www.wikidata.org/entity/Q168383","Universal Pictures"
"http://www.wikidata.org/entity/Q64964603","tt0011863","http://www.wikidata.org/entity/Q168383","Universal Pictures"
"http://www.wikidata.org/entity/Q104845027","tt8097030","http://www.wikidata.org/entity/Q127552","Pixar"
"http://www.wikidata.org/entity/Q3522894","tt0011739","http://www.wikidata.org/entity/Q2644123","Fox Film Corporation"
"http://www.wikidata.org/entity/Q4004587","tt0009745","http://www.wikidata.org/entity/Q2644123","Fox Film Corporation"
"http://www.wikidata.org/entity/Q21183926","tt0006071","http://www.wikidata.org/entity/Q2644123","Fox Film Corporation"
"http://www.wikidata.org/entity/Q28064505","tt0011850","http://www.wikidata.org/entity/Q2644123","Fox Film Corporation"
"http://www.wikidata.org/entity/Q58411236","tt0011482","http://www.wikidata.org/entity/Q2644123","Fox Film Corporation"
"http://www.wikidata.org/entity/Q72208716","tt0013762","http://www.wikidata.org/entity/Q2644123","Fox Film Corporation"
"http://www.wikidata.org/entity/Q94580861","tt0013797","http://www.wikidata.org/entity/Q2644123","Fox Film Corporation"
"http://www.wikidata.org/entity/Q104834497","tt0011407","http://www.wikidata.org/entity/Q2644123","Fox Film Corporation"
"http://www.wikidata.org/entity/Q105555161","tt0203200","http://www.wikidata.org/entity/Q119941307","Burton King Productions"
"http://www.wikidata.org/entity/Q104845027","tt8097030","http://www.wikidata.org/entity/Q191224","Walt Disney Pictures"
"http://www.wikidata.org/entity/Q3987685","tt0004155","http://www.wikidata.org/entity/Q1368540","Essanay Studios"
"http://www.wikidata.org/entity/Q15121731","tt0007478","http://www.wikidata.org/entity/Q1368540","Essanay Studios"
"http://www.wikidata.org/entity/Q76758900","tt0175664","http://www.wikidata.org/entity/Q2880613","Balboa Amusement Producing Company"
"http://www.wikidata.org/entity/Q4019588","tt0011864","http://www.wikidata.org/entity/Q21208854","California Motion Picture Corporation"
"http://www.wikidata.org/entity/Q29561385","tt0145469","http://www.wikidata.org/entity/Q65090344","Selznick Pictures"
"http://www.wikidata.org/entity/Q63924304","tt0011589","http://www.wikidata.org/entity/Q65090344","Selznick Pictures"
"http://www.wikidata.org/entity/Q65045579","tt0011894","http://www.wikidata.org/entity/Q65090344","Selznick Pictures"
"http://www.wikidata.org/entity/Q17384030","tt0012713","http://www.wikidata.org/entity/Q1418400","Vitagraph Studios"
"http://www.wikidata.org/entity/Q105082236","tt0011633","http://www.wikidata.org/entity/Q65090344","Selznick Pictures"
"http://www.wikidata.org/entity/Q3987936","tt0163048","http://www.wikidata.org/entity/Q1418400","Vitagraph Studios"
"http://www.wikidata.org/entity/Q21183947","tt0012832","http://www.wikidata.org/entity/Q1418400","Vitagraph Studios"
"http://www.wikidata.org/entity/Q54811246","tt0197832","http://www.wikidata.org/entity/Q1418400","Vitagraph Studios"
"http://www.wikidata.org/entity/Q111700745","tt18394428","http://www.wikidata.org/entity/Q1459090","The Asylum"
"http://www.wikidata.org/entity/Q929749","tt0008570","http://www.wikidata.org/entity/Q2644123","Fox Film Corporation"
"http://www.wikidata.org/entity/Q8856708","tt0011430","http://www.wikidata.org/entity/Q2644123","Fox Film Corporation"
"http://www.wikidata.org/entity/Q21282665","tt0008708","http://www.wikidata.org/entity/Q2644123","Fox Film Corporation"
"http://www.wikidata.org/entity/Q21752658","tt0009782","http://www.wikidata.org/entity/Q2644123","Fox Film Corporation"
"http://www.wikidata.org/entity/Q50280817","tt0013733","http://www.wikidata.org/entity/Q2644123","Fox Film Corporation"
"http://www.wikidata.org/entity/Q52783086","tt0016514","http://www.wikidata.org/entity/Q2644123","Fox Film Corporation"
"http://www.wikidata.org/entity/Q3989129","tt0008538","http://www.wikidata.org/entity/Q168383","Universal Pictures"
"http://www.wikidata.org/entity/Q3990846","tt0004695","http://www.wikidata.org/entity/Q116439","Lubin Manufacturing Company"
"http://www.wikidata.org/entity/Q112114745","tt14849194","http://www.wikidata.org/entity/Q465449","Miramax"
"http://www.wikidata.org/entity/Q52084096","tt0008798","http://www.wikidata.org/entity/Q606359","Edison Studios"
"http://www.wikidata.org/entity/Q17639955","tt0012654","http://www.wikidata.org/entity/Q3853193","Mayflower Photoplay Company"
"http://www.wikidata.org/entity/Q66011680","tt0009719","http://www.wikidata.org/entity/Q8035724","World Film Company"
"http://www.wikidata.org/entity/Q62595494","tt0012623","http://www.wikidata.org/entity/Q17174309","Associated Exhibitors"
"http://www.wikidata.org/entity/Q55762052","tt0011889","http://www.wikidata.org/entity/Q63866634","Louis B. Mayer Pictures Corporation"
"http://www.wikidata.org/entity/Q64224977","tt0203211","http://www.wikidata.org/entity/Q65090344","Selznick Pictures"
"http://www.wikidata.org/entity/Q64577408","tt0011677","http://www.wikidata.org/entity/Q65090344","Selznick Pictures"
"http://www.wikidata.org/entity/Q55762052","tt0011889","http://www.wikidata.org/entity/Q117206640","Anita Stewart Productions"
"http://www.wikidata.org/entity/Q119718095","tt22375620","http://www.wikidata.org/entity/Q511731","Imagine Entertainment"
"http://www.wikidata.org/entity/Q3989623","tt0003449","http://www.wikidata.org/entity/Q116439","Lubin Manufacturing Company"
"http://www.wikidata.org/entity/Q115932556","tt12584954","http://www.wikidata.org/entity/Q126399","Warner Bros."
"http://www.wikidata.org/entity/Q4019478","tt0009793","http://www.wikidata.org/entity/Q168383","Universal Pictures"
"http://www.wikidata.org/entity/Q56241167","tt0011564","http://www.wikidata.org/entity/Q168383","Universal Pictures"
"http://www.wikidata.org/entity/Q115932556","tt12584954","http://www.wikidata.org/entity/Q168383","Universal Pictures"
"http://www.wikidata.org/entity/Q16644531","tt0011232","http://www.wikidata.org/entity/Q2644123","Fox Film Corporation"
"http://www.wikidata.org/entity/Q21869450","tt0011337","http://www.wikidata.org/entity/Q2644123","Fox Film Corporation"
"http://www.wikidata.org/entity/Q52781693","tt0015978","http://www.wikidata.org/entity/Q2644123","Fox Film Corporation"
"http://www.wikidata.org/entity/Q115932556","tt12584954","http://www.wikidata.org/entity/Q3521465","The Kennedy/Marshall Company"
"http://www.wikidata.org/entity/Q110903689","tt8851148","http://www.wikidata.org/entity/Q30644098","Paramount Players"
"http://www.wikidata.org/entity/Q63986943","tt0197871","http://www.wikidata.org/entity/Q65090344","Selznick Pictures"
"http://www.wikidata.org/entity/Q104856354","tt5932368","http://www.wikidata.org/entity/Q66140873","Grindstone Entertainment Group"
"http://www.wikidata.org/entity/Q117279779","tt10786774","http://www.wikidata.org/entity/Q85795495","RSVP Movies"
"http://www.wikidata.org/entity/Q7751285","tt0021143","http://www.wikidata.org/entity/Q200976","Associated British Picture Corporation"
"http://www.wikidata.org/entity/Q115932556","tt12584954","http://www.wikidata.org/entity/Q457893","Amblin Entertainment"
"http://www.wikidata.org/entity/Q55259010","tt0019494","http://www.wikidata.org/entity/Q1414304","Film Booking Offices of America"
"http://www.wikidata.org/entity/Q6074825","tt0176021","http://www.wikidata.org/entity/Q5370344","Emelco"
"http://www.wikidata.org/entity/Q20649838","tt0189984","http://www.wikidata.org/entity/Q6549206","Limelight Department"
"http://www.wikidata.org/entity/Q3764507","tt0011226","http://www.wikidata.org/entity/Q7569831","Southern Cross Feature Film Company"
"http://www.wikidata.org/entity/Q3658053","tt0184328","http://www.wikidata.org/entity/Q24679","Triangle Film Corporation"
"http://www.wikidata.org/entity/Q7743312","tt0336665","http://www.wikidata.org/entity/Q390216","The Sydney Morning Herald"
"http://www.wikidata.org/entity/Q107460063","tt15009428","http://www.wikidata.org/entity/Q1906017","Marv Studios"
"http://www.wikidata.org/entity/Q118950256","tt21227626","http://www.wikidata.org/entity/Q4764729","Animafilm"
"http://www.wikidata.org/entity/Q3602786","tt0324148","http://www.wikidata.org/entity/Q4824388","Australian Life Biograph Company"
"http://www.wikidata.org/entity/Q4660128","tt0025894","http://www.wikidata.org/entity/Q5347527","Efftee Studios"
"http://www.wikidata.org/entity/Q116786106","tt11820950","http://www.wikidata.org/entity/Q3487310","Sky Cinema"
"http://www.wikidata.org/entity/Q7333844","tt0192530","http://www.wikidata.org/entity/Q5984808","Lumiton"
"http://www.wikidata.org/entity/Q51553701","tt5613066","http://www.wikidata.org/entity/Q6973624","National Institute of Cinema and Audiovisual Arts"
"http://www.wikidata.org/entity/Q16466133","tt2463084","http://www.wikidata.org/entity/Q16466235","Samsa film"
"http://www.wikidata.org/entity/Q116786106","tt11820950","http://www.wikidata.org/entity/Q18643770","Stan"
"http://www.wikidata.org/entity/Q7578451","tt0122265","http://www.wikidata.org/entity/Q1680143","J. C. Williamson"
"http://www.wikidata.org/entity/Q116786106","tt11820950","http://www.wikidata.org/entity/Q2914692","The Jim Henson Company"
