"item","imdb","distid","distributor"
"http://www.wikidata.org/entity/Q85997053","tt10665342","http://www.wikidata.org/entity/Q168383","Universal Pictures"
"http://www.wikidata.org/entity/Q107394970","tt1001520","http://www.wikidata.org/entity/Q168383","Universal Pictures"
"http://www.wikidata.org/entity/Q111684978","tt15679400","http://www.wikidata.org/entity/Q168383","Universal Pictures"
"http://www.wikidata.org/entity/Q99900595","tt12593682","http://www.wikidata.org/entity/Q186941","Columbia Pictures"
"http://www.wikidata.org/entity/Q5194502","tt0008984","http://www.wikidata.org/entity/Q327582","William Wadsworth Hodkinson"
"http://www.wikidata.org/entity/Q17629966","tt0009187","http://www.wikidata.org/entity/Q327582","William Wadsworth Hodkinson"
"http://www.wikidata.org/entity/Q99900595","tt12593682","http://www.wikidata.org/entity/Q822314","Sony Pictures"
"http://www.wikidata.org/entity/Q73791993","tt10217780","http://www.wikidata.org/entity/Q907311","Netflix"
"http://www.wikidata.org/entity/Q98931267","tt11276598","http://www.wikidata.org/entity/Q907311","Netflix"
"http://www.wikidata.org/entity/Q113455828","tt20850406","http://www.wikidata.org/entity/Q4768004","Annapurna Studios"
"http://www.wikidata.org/entity/Q7511953","tt10122538","http://www.wikidata.org/entity/Q6379314","Kavithalayaa Productions"
"http://www.wikidata.org/entity/Q63537012","tt10283234","http://www.wikidata.org/entity/Q17067950","Jaaz Multimedia"
"http://www.wikidata.org/entity/Q113455828","tt20850406","http://www.wikidata.org/entity/Q21786383","Lyca Productions"
"http://www.wikidata.org/entity/Q107394970","tt1001520","http://www.wikidata.org/entity/Q22079339","Amblin Partners"
"http://www.wikidata.org/entity/Q101245125","tt9469842","http://www.wikidata.org/entity/Q28404471","Cleopatra Entertainment"
"http://www.wikidata.org/entity/Q63928961","tt0018103","http://www.wikidata.org/entity/Q55631243","Rayart Pictures"
"http://www.wikidata.org/entity/Q17629966","tt0009187","http://www.wikidata.org/entity/Q63567746","W.W. Hodkinson Distribution"
"http://www.wikidata.org/entity/Q55065266","tt0197881","http://www.wikidata.org/entity/Q63567746","W.W. Hodkinson Distribution"
"http://www.wikidata.org/entity/Q56678809","tt0130640","http://www.wikidata.org/entity/Q63567746","W.W. Hodkinson Distribution"
"http://www.wikidata.org/entity/Q113330175","tt14586118","http://www.wikidata.org/entity/Q99485271","Njutafilms"
"http://www.wikidata.org/entity/Q111684978","tt15679400","http://www.wikidata.org/entity/Q110315448","Cinemundo"
"http://www.wikidata.org/entity/Q99900595","tt12593682","http://www.wikidata.org/entity/Q1097348","InterCom"
"http://www.wikidata.org/entity/Q113269780","tt20452514","http://www.wikidata.org/entity/Q1531663","Global Screen"
"http://www.wikidata.org/entity/Q11825953","tt0097688","http://www.wikidata.org/entity/Q2754549","Albafilm-Tirana"
"http://www.wikidata.org/entity/Q2921662","tt0094788","http://www.wikidata.org/entity/Q3290445","Marfilmes"
"http://www.wikidata.org/entity/Q116458064","tt20414550","http://www.wikidata.org/entity/Q177955","SF Studios"
"http://www.wikidata.org/entity/Q64991423","tt6007614","http://www.wikidata.org/entity/Q9589","iTunes"
"http://www.wikidata.org/entity/Q67603787","tt10095336","http://www.wikidata.org/entity/Q9589","iTunes"
"http://www.wikidata.org/entity/Q69416587","tt10287376","http://www.wikidata.org/entity/Q9589","iTunes"
"http://www.wikidata.org/entity/Q112183099","tt17663992","http://www.wikidata.org/entity/Q159846","Paramount Pictures"
"http://www.wikidata.org/entity/Q689728","tt0029880","http://www.wikidata.org/entity/Q774682","Republic Pictures"
"http://www.wikidata.org/entity/Q84195189","tt10964468","http://www.wikidata.org/entity/Q822314","Sony Pictures"
"http://www.wikidata.org/entity/Q51324832","tt12030516","http://www.wikidata.org/entity/Q907311","Netflix"
"http://www.wikidata.org/entity/Q67603787","tt10095336","http://www.wikidata.org/entity/Q907311","Netflix"
"http://www.wikidata.org/entity/Q111526747","tt14230846","http://www.wikidata.org/entity/Q55638217","Zee Studios"
"http://www.wikidata.org/entity/Q108919489","tt15006566","http://www.wikidata.org/entity/Q56290644","Greenwich Entertainment"
"http://www.wikidata.org/entity/Q88540764","tt11873440","http://www.wikidata.org/entity/Q60752075","AA Films"
"http://www.wikidata.org/entity/Q7801488","tt0015416","http://www.wikidata.org/entity/Q63567746","W.W. Hodkinson Distribution"
"http://www.wikidata.org/entity/Q59725898","tt0190100","http://www.wikidata.org/entity/Q63567746","W.W. Hodkinson Distribution"
"http://www.wikidata.org/entity/Q62576257","tt0012160","http://www.wikidata.org/entity/Q63567746","W.W. Hodkinson Distribution"
"http://www.wikidata.org/entity/Q63398563","tt0014326","http://www.wikidata.org/entity/Q63567746","W.W. Hodkinson Distribution"
"http://www.wikidata.org/entity/Q63568758","tt0011262","http://www.wikidata.org/entity/Q63567746","W.W. Hodkinson Distribution"
"http://www.wikidata.org/entity/Q108919489","tt15006566","http://www.wikidata.org/entity/Q111362749","Movies Inspired"
"http://www.wikidata.org/entity/Q111549435","tt15471560","http://www.wikidata.org/entity/Q913462","Gaumont Film Company"
"http://www.wikidata.org/entity/Q112183099","tt17663992","http://www.wikidata.org/entity/Q1005887","Fórum Hungary"
"http://www.wikidata.org/entity/Q106717182","tt0165836","http://www.wikidata.org/entity/Q1415344","Filmverlag der Autoren"
"http://www.wikidata.org/entity/Q109981247","tt13316756","http://www.wikidata.org/entity/Q1891982","Nordisk Film"
"http://www.wikidata.org/entity/Q108919489","tt15006566","http://www.wikidata.org/entity/Q3225114","Le Pacte"
"http://www.wikidata.org/entity/Q84195189","tt10964468","http://www.wikidata.org/entity/Q6934556","Culver Max Entertainment"
"http://www.wikidata.org/entity/Q21646234","tt10418364","http://www.wikidata.org/entity/Q7488442","Shanghai Film Group"
"http://www.wikidata.org/entity/Q65407744","tt8259410","http://www.wikidata.org/entity/Q11088472","Ústřední půjčovna filmů"
"http://www.wikidata.org/entity/Q33100679","tt6478512","http://www.wikidata.org/entity/Q11733380","CinemArt"
"http://www.wikidata.org/entity/Q10570514","tt0070344","http://www.wikidata.org/entity/Q177955","SF Studios"
"http://www.wikidata.org/entity/Q55444755","tt2504308","http://www.wikidata.org/entity/Q177955","SF Studios"
"http://www.wikidata.org/entity/Q120015381","tt17528660","http://www.wikidata.org/entity/Q177955","SF Studios"
"http://www.wikidata.org/entity/Q4353356","tt1286151","http://www.wikidata.org/entity/Q907311","Netflix"
"http://www.wikidata.org/entity/Q18244542","tt7510286","http://www.wikidata.org/entity/Q3075023","Folkets Bio"
"http://www.wikidata.org/entity/Q10418003","tt0058918","http://www.wikidata.org/entity/Q10661216","Sandrew Film & Theater"
"http://www.wikidata.org/entity/Q116678683","tt18163814","http://www.wikidata.org/entity/Q10662380","Scanbox Entertainment"
"http://www.wikidata.org/entity/Q14955491","tt0040528","http://www.wikidata.org/entity/Q10693427","Terrafilm"
"http://www.wikidata.org/entity/Q17500094","tt6448092","http://www.wikidata.org/entity/Q10890670","Beijing Enlight Pictures"
"http://www.wikidata.org/entity/Q1053293","tt1650453","http://www.wikidata.org/entity/Q907311","Netflix"
"http://www.wikidata.org/entity/Q63967614","tt10127562","http://www.wikidata.org/entity/Q907311","Netflix"
"http://www.wikidata.org/entity/Q112420566","tt5659164","http://www.wikidata.org/entity/Q907311","Netflix"
"http://www.wikidata.org/entity/Q71271003","tt10403962","http://www.wikidata.org/entity/Q122549","Shochiku"
"http://www.wikidata.org/entity/Q55391769","tt6340698","http://www.wikidata.org/entity/Q875920","Toho"
"http://www.wikidata.org/entity/Q110192938","tt11096624","http://www.wikidata.org/entity/Q875920","Toho"
"http://www.wikidata.org/entity/Q30887729","tt0326724","http://www.wikidata.org/entity/Q1066018","Toei Company"
"http://www.wikidata.org/entity/Q42577311","tt7472924","http://www.wikidata.org/entity/Q1066018","Toei Company"
"http://www.wikidata.org/entity/Q5459888","tt0051122","http://www.wikidata.org/entity/Q4390090","Daiei Film"
"http://www.wikidata.org/entity/Q4673447","tt0086848","http://www.wikidata.org/entity/Q6379314","Kavithalayaa Productions"
"http://www.wikidata.org/entity/Q4817206","tt0254150","http://www.wikidata.org/entity/Q6820497","Merryland Studio"
"http://www.wikidata.org/entity/Q109361165","tt13167612","http://www.wikidata.org/entity/Q17218299","Avex Pictures"
"http://www.wikidata.org/entity/Q21869205","tt0019733","http://www.wikidata.org/entity/Q648034","Bavaria Film"
"http://www.wikidata.org/entity/Q28130512","tt0128935","http://www.wikidata.org/entity/Q648034","Bavaria Film"
"http://www.wikidata.org/entity/Q97725544","tt0045242","http://www.wikidata.org/entity/Q875920","Toho"
"http://www.wikidata.org/entity/Q22974524","tt0012452","http://www.wikidata.org/entity/Q705676","Babelsberg Studio"
"http://www.wikidata.org/entity/Q3885812","tt0205074","http://www.wikidata.org/entity/Q3963283","Società Anonima Stefano Pittaluga"
"http://www.wikidata.org/entity/Q48673972","tt7994626","http://www.wikidata.org/entity/Q17053165","Lotus Five Star"
"http://www.wikidata.org/entity/Q18349760","tt0214500","http://www.wikidata.org/entity/Q24905282","Jubilee Productions"
"http://www.wikidata.org/entity/Q15992516","tt0132533","http://www.wikidata.org/entity/Q41468","UFA"
"http://www.wikidata.org/entity/Q3795258","tt0447376","http://www.wikidata.org/entity/Q168383","Universal Pictures"
"http://www.wikidata.org/entity/Q28045036","tt0475954","http://www.wikidata.org/entity/Q462288","Terra Film"
"http://www.wikidata.org/entity/Q22000328","tt0484205","http://www.wikidata.org/entity/Q648034","Bavaria Film"
"http://www.wikidata.org/entity/Q92189277","tt0133934","http://www.wikidata.org/entity/Q41468","UFA"
"http://www.wikidata.org/entity/Q5261147","tt0245895","http://www.wikidata.org/entity/Q462288","Terra Film"
"http://www.wikidata.org/entity/Q21999848","tt1482105","http://www.wikidata.org/entity/Q3531832","Modern Theatres"
"http://www.wikidata.org/entity/Q29830227","tt7998046","http://www.wikidata.org/entity/Q7503531","Shree Venkatesh Films"
"http://www.wikidata.org/entity/Q2817329","tt0177484","http://www.wikidata.org/entity/Q7943939","Vyjayanthi Movies"
"http://www.wikidata.org/entity/Q112117282","tt20840000","http://www.wikidata.org/entity/Q51328854","ZEE5"
"http://www.wikidata.org/entity/Q14949859","tt0014506","http://www.wikidata.org/entity/Q41468","UFA"
"http://www.wikidata.org/entity/Q23954874","tt0442394","http://www.wikidata.org/entity/Q41468","UFA"
"http://www.wikidata.org/entity/Q3472125","tt0083570","http://www.wikidata.org/entity/Q75533","National Film Development Corporation of India"
"http://www.wikidata.org/entity/Q21869970","tt0017516","http://www.wikidata.org/entity/Q1524436","Parufamet"
"http://www.wikidata.org/entity/Q3997478","tt0341062","http://www.wikidata.org/entity/Q3963283","Società Anonima Stefano Pittaluga"
"http://www.wikidata.org/entity/Q3536796","tt0254966","http://www.wikidata.org/entity/Q5530669","Gemini Studios"
"http://www.wikidata.org/entity/Q4831866","tt0449828","http://www.wikidata.org/entity/Q6379314","Kavithalayaa Productions"
"http://www.wikidata.org/entity/Q59727188","tt0012921","http://www.wikidata.org/entity/Q41468","UFA"
"http://www.wikidata.org/entity/Q21869649","tt0447287","http://www.wikidata.org/entity/Q441021","Aafa-Film"
"http://www.wikidata.org/entity/Q23566212","tt0014592","http://www.wikidata.org/entity/Q705676","Babelsberg Studio"
"http://www.wikidata.org/entity/Q4577535","tt6450176","http://www.wikidata.org/entity/Q3522039","Raadhika Sarathkumar"
"http://www.wikidata.org/entity/Q114354300","tt14176696","http://www.wikidata.org/entity/Q16516296","ADS Service"
"http://www.wikidata.org/entity/Q7832617","tt0015426","http://www.wikidata.org/entity/Q41468","UFA"
"http://www.wikidata.org/entity/Q17057068","tt0454533","http://www.wikidata.org/entity/Q41468","UFA"
"http://www.wikidata.org/entity/Q17127730","tt0014558","http://www.wikidata.org/entity/Q41468","UFA"
"http://www.wikidata.org/entity/Q13502410","tt0019559","http://www.wikidata.org/entity/Q648034","Bavaria Film"
"http://www.wikidata.org/entity/Q17479327","tt0130160","http://www.wikidata.org/entity/Q648034","Bavaria Film"
"http://www.wikidata.org/entity/Q22000964","tt0482534","http://www.wikidata.org/entity/Q648034","Bavaria Film"
"http://www.wikidata.org/entity/Q626101","tt0065417","http://www.wikidata.org/entity/Q907311","Netflix"
"http://www.wikidata.org/entity/Q65149109","tt4693588","http://www.wikidata.org/entity/Q4504080","Central Partnership"
"http://www.wikidata.org/entity/Q65149109","tt4693588","http://www.wikidata.org/entity/Q82326629","Imovision"
"http://www.wikidata.org/entity/Q3850727","tt0133955","http://www.wikidata.org/entity/Q41468","UFA"
"http://www.wikidata.org/entity/Q65149109","tt4693588","http://www.wikidata.org/entity/Q1683636","Tobis Film"
"http://www.wikidata.org/entity/Q66831826","tt9767556","http://www.wikidata.org/entity/Q3294957","Mars Films"
"http://www.wikidata.org/entity/Q123286193","tt26006816","http://www.wikidata.org/entity/Q3411249","Pyramide Distribution"
"http://www.wikidata.org/entity/Q64733269","tt9303772","http://www.wikidata.org/entity/Q3488561","Société nouvelle de distribution"
"http://www.wikidata.org/entity/Q65149109","tt4693588","http://www.wikidata.org/entity/Q3568109","Wild Bunch"
"http://www.wikidata.org/entity/Q117706563","tt18550270","http://www.wikidata.org/entity/Q3225114","Le Pacte"
"http://www.wikidata.org/entity/Q64031780","tt8600414","http://www.wikidata.org/entity/Q3547188","UGC Fox Distribution"
"http://www.wikidata.org/entity/Q115491271","tt26680456","http://www.wikidata.org/entity/Q17639420","Sophie Dulac Distribution"
"http://www.wikidata.org/entity/Q66754750","tt9454778","http://www.wikidata.org/entity/Q28871047","Vertigo Média"
"http://www.wikidata.org/entity/Q18029440","tt3922958","http://www.wikidata.org/entity/Q62384104","Films du 3 Mars"
"http://www.wikidata.org/entity/Q1306424","tt0078481","http://www.wikidata.org/entity/Q434841","20th Century Studios"
"http://www.wikidata.org/entity/Q1481681","tt1686039","http://www.wikidata.org/entity/Q6072093","Pinema"
"http://www.wikidata.org/entity/Q1481681","tt1686039","http://www.wikidata.org/entity/Q19610828","Boyut Film"
"http://www.wikidata.org/entity/Q123051190","tt27729122","http://www.wikidata.org/entity/Q28871739","Mozinet"
"http://www.wikidata.org/entity/Q1481681","tt1686039","http://www.wikidata.org/entity/Q907311","Netflix"
"http://www.wikidata.org/entity/Q1481681","tt1686039","http://www.wikidata.org/entity/Q2741255","IM Global"
"http://www.wikidata.org/entity/Q1481681","tt1686039","http://www.wikidata.org/entity/Q3634702","Reliance Entertainment"
"http://www.wikidata.org/entity/Q6470327","tt0087287","http://www.wikidata.org/entity/Q3107204","Playboy Enterprises"
"http://www.wikidata.org/entity/Q110883204","tt9731172","http://www.wikidata.org/entity/Q28861916","Diaphana Distribution"
"http://www.wikidata.org/entity/Q69884673","tt10872982","http://www.wikidata.org/entity/Q3100033","Gebeka Films"
"http://www.wikidata.org/entity/Q116035959","tt21268790","http://www.wikidata.org/entity/Q104439173","Star (Disney+)"
"http://www.wikidata.org/entity/Q7258330","tt0246877","http://www.wikidata.org/entity/Q6434818","Kovai Chezhiyan"
"http://www.wikidata.org/entity/Q109238088","tt11880722","http://www.wikidata.org/entity/Q7670576","TLA Releasing"
"http://www.wikidata.org/entity/Q39047265","tt8929446","http://www.wikidata.org/entity/Q875920","Toho"
"http://www.wikidata.org/entity/Q1742094","tt1332134","http://www.wikidata.org/entity/Q907311","Netflix"
"http://www.wikidata.org/entity/Q112689686","tt21237108","http://www.wikidata.org/entity/Q6324000","K. Sera Sera"
"http://www.wikidata.org/entity/Q18378664","tt14019402","http://www.wikidata.org/entity/Q7399015","Sagar Films"
"http://www.wikidata.org/entity/Q120833281","tt27811636","http://www.wikidata.org/entity/Q126399","Warner Bros."
"http://www.wikidata.org/entity/Q39048115","tt8016356","http://www.wikidata.org/entity/Q4740856","Amazon Prime Video"
"http://www.wikidata.org/entity/Q7285519","tt1469374","http://www.wikidata.org/entity/Q6820497","Merryland Studio"
"http://www.wikidata.org/entity/Q7708799","tt1469384","http://www.wikidata.org/entity/Q7416489","Sandow M. M. A. Chinnappa Thevar"
"http://www.wikidata.org/entity/Q65075548","tt23847184","http://www.wikidata.org/entity/Q48697860","Red Giant Movies"
"http://www.wikidata.org/entity/Q115013634","tt22311492","http://www.wikidata.org/entity/Q60752075","AA Films"
"http://www.wikidata.org/entity/Q18170997","tt0234959","http://www.wikidata.org/entity/Q3523697","AVM Productions"
"http://www.wikidata.org/entity/Q7777687","tt3424778","http://www.wikidata.org/entity/Q3531832","Modern Theatres"
"http://www.wikidata.org/entity/Q4902050","tt7104944","http://www.wikidata.org/entity/Q5603067","Green Pigeon Movies"
"http://www.wikidata.org/entity/Q12932192","tt10122590","http://www.wikidata.org/entity/Q6379314","Kavithalayaa Productions"
"http://www.wikidata.org/entity/Q108166985","tt13989278","http://www.wikidata.org/entity/Q19895072","Panorama Studios"
"http://www.wikidata.org/entity/Q897304","tt0147925","http://www.wikidata.org/entity/Q907311","Netflix"
"http://www.wikidata.org/entity/Q12927092","tt1445779","http://www.wikidata.org/entity/Q17489533","K. R. Gangadharan"
"http://www.wikidata.org/entity/Q18386062","tt0352690","http://www.wikidata.org/entity/Q19899094","Ushakiran Movies"
"http://www.wikidata.org/entity/Q108101639","tt13364468","http://www.wikidata.org/entity/Q51328854","ZEE5"
"http://www.wikidata.org/entity/Q118381502","tt24799686","http://www.wikidata.org/entity/Q1643241","UGC"
"http://www.wikidata.org/entity/Q120360584","tt19755170","http://www.wikidata.org/entity/Q4740856","Amazon Prime Video"
"http://www.wikidata.org/entity/Q118381502","tt24799686","http://www.wikidata.org/entity/Q28871365","Cirko Film"
"http://www.wikidata.org/entity/Q108084407","tt15048614","http://www.wikidata.org/entity/Q168383","Universal Pictures"
"http://www.wikidata.org/entity/Q108084407","tt15048614","http://www.wikidata.org/entity/Q649649","Focus Features"
"http://www.wikidata.org/entity/Q108084407","tt15048614","http://www.wikidata.org/entity/Q1474307","United International Pictures"
"http://www.wikidata.org/entity/Q6173124","tt0240631","http://www.wikidata.org/entity/Q3523697","AVM Productions"
"http://www.wikidata.org/entity/Q12975472","tt0497369","http://www.wikidata.org/entity/Q3531832","Modern Theatres"
"http://www.wikidata.org/entity/Q24278830","tt5928556","http://www.wikidata.org/entity/Q17067950","Jaaz Multimedia"
"http://www.wikidata.org/entity/Q12979308","tt1440203","http://www.wikidata.org/entity/Q30644450","Vivekananda Pictures"
"http://www.wikidata.org/entity/Q108084407","tt15048614","http://www.wikidata.org/entity/Q51328854","ZEE5"
"http://www.wikidata.org/entity/Q111837770","tt13534808","http://www.wikidata.org/entity/Q55638217","Zee Studios"
"http://www.wikidata.org/entity/Q19571639","tt10127906","http://www.wikidata.org/entity/Q23038264","Sri Thenandal Films"
"http://www.wikidata.org/entity/Q18126519","tt1440214","http://www.wikidata.org/entity/Q7126061","Pakshiraja Studios"
"http://www.wikidata.org/entity/Q18170978","tt1477100","http://www.wikidata.org/entity/Q7416489","Sandow M. M. A. Chinnappa Thevar"
"http://www.wikidata.org/entity/Q583136","tt0314006","http://www.wikidata.org/entity/Q907311","Netflix"
"http://www.wikidata.org/entity/Q1421537","tt0428541","http://www.wikidata.org/entity/Q907311","Netflix"
"http://www.wikidata.org/entity/Q1421537","tt0428541","http://www.wikidata.org/entity/Q17076072","Lionsgate Films"
"http://www.wikidata.org/entity/Q16254943","tt10158552","http://www.wikidata.org/entity/Q30644450","Vivekananda Pictures"
"http://www.wikidata.org/entity/Q104821313","tt10811166","http://www.wikidata.org/entity/Q55638217","Zee Studios"
"http://www.wikidata.org/entity/Q583136","tt0314006","http://www.wikidata.org/entity/Q3001888","Sony BMG"
"http://www.wikidata.org/entity/Q18128395","tt0158017","http://www.wikidata.org/entity/Q7273836","R. M. Veerappan"
"http://www.wikidata.org/entity/Q117684092","tt27501039","http://www.wikidata.org/entity/Q97168124","JioCinema"
"http://www.wikidata.org/entity/Q12937430","tt1427079","http://www.wikidata.org/entity/Q7532337","Sivaji Productions"
"http://www.wikidata.org/entity/Q107584214","tt14152140","http://www.wikidata.org/entity/Q907311","Netflix"
"http://www.wikidata.org/entity/Q100704907","tt18411490","http://www.wikidata.org/entity/Q1696916","Yash Raj Films"
"http://www.wikidata.org/entity/Q20649559","tt14963418","http://www.wikidata.org/entity/Q17053165","Lotus Five Star"
"http://www.wikidata.org/entity/Q112274220","tt15128068","http://www.wikidata.org/entity/Q907311","Netflix"
"http://www.wikidata.org/entity/Q115959696","tt15516226","http://www.wikidata.org/entity/Q51328854","ZEE5"
"http://www.wikidata.org/entity/Q7137490","tt1473092","http://www.wikidata.org/entity/Q5226525","Dasari Yoganand"
"http://www.wikidata.org/entity/Q4900472","tt0156350","http://www.wikidata.org/entity/Q7532337","Sivaji Productions"
"http://www.wikidata.org/entity/Q111598988","tt18923048","http://www.wikidata.org/entity/Q3634702","Reliance Entertainment"
"http://www.wikidata.org/entity/Q16250084","tt7169860","http://www.wikidata.org/entity/Q4651702","AGS Entertainment"
"http://www.wikidata.org/entity/Q6960928","tt1477039","http://www.wikidata.org/entity/Q7416489","Sandow M. M. A. Chinnappa Thevar"
"http://www.wikidata.org/entity/Q117377268","tt25406500","http://www.wikidata.org/entity/Q907311","Netflix"
"http://www.wikidata.org/entity/Q7313248","tt6779222","http://www.wikidata.org/entity/Q7387844","S. S. Chakravarthy"
"http://www.wikidata.org/entity/Q15515219","tt3686226","http://www.wikidata.org/entity/Q1554656","01 Distribution"
"http://www.wikidata.org/entity/Q1891288","tt0214919","http://www.wikidata.org/entity/Q3531832","Modern Theatres"
"http://www.wikidata.org/entity/Q6746860","tt0263708","http://www.wikidata.org/entity/Q4901083","Bharani Pictures"
"http://www.wikidata.org/entity/Q7258341","tt0155978","http://www.wikidata.org/entity/Q3523697","AVM Productions"
"http://www.wikidata.org/entity/Q12919912","tt0353635","http://www.wikidata.org/entity/Q3531832","Modern Theatres"
"http://www.wikidata.org/entity/Q29018075","tt6409416","http://www.wikidata.org/entity/Q5395348","Eros International"
"http://www.wikidata.org/entity/Q394908","tt4862418","http://www.wikidata.org/entity/Q907311","Netflix"
"http://www.wikidata.org/entity/Q6444577","tt0234061","http://www.wikidata.org/entity/Q7532337","Sivaji Productions"
"http://www.wikidata.org/entity/Q60737569","tt7010858","http://www.wikidata.org/entity/Q18395520","Wunderbar Films"
"http://www.wikidata.org/entity/Q7911840","tt10703746","http://www.wikidata.org/entity/Q3531832","Modern Theatres"
"http://www.wikidata.org/entity/Q3536835","tt10128024","http://www.wikidata.org/entity/Q7273465","R. B. Choudary"
"http://www.wikidata.org/entity/Q12988428","tt1445727","http://www.wikidata.org/entity/Q7532337","Sivaji Productions"
"http://www.wikidata.org/entity/Q24905058","tt14722464","http://www.wikidata.org/entity/Q2723181","Rajshri Productions"
"http://www.wikidata.org/entity/Q18816123","tt14624568","http://www.wikidata.org/entity/Q7126061","Pakshiraja Studios"
"http://www.wikidata.org/entity/Q108265599","tt11073148","http://www.wikidata.org/entity/Q907311","Netflix"
"http://www.wikidata.org/entity/Q6172889","tt0361770","http://www.wikidata.org/entity/Q3523697","AVM Productions"
"http://www.wikidata.org/entity/Q7457089","tt6448538","http://www.wikidata.org/entity/Q4831520","Ayngaran International"
"http://www.wikidata.org/entity/Q111801798","tt14986224","http://www.wikidata.org/entity/Q19758675","Disney+ Hotstar"
"http://www.wikidata.org/entity/Q66424074","tt8919364","http://www.wikidata.org/entity/Q7503531","Shree Venkatesh Films"
"http://www.wikidata.org/entity/Q12980221","tt0248131","http://www.wikidata.org/entity/Q7273836","R. M. Veerappan"
"http://www.wikidata.org/entity/Q104821625","tt11953194","http://www.wikidata.org/entity/Q7924435","Viacom 18 Motion Pictures"
"http://www.wikidata.org/entity/Q6986923","tt0235616","http://www.wikidata.org/entity/Q75533","National Film Development Corporation of India"
"http://www.wikidata.org/entity/Q64855129","tt8976464","http://www.wikidata.org/entity/Q907311","Netflix"
"http://www.wikidata.org/entity/Q7262815","tt0285958","http://www.wikidata.org/entity/Q3539254","Trimurti Films"
"http://www.wikidata.org/entity/Q6377835","tt3638428","http://www.wikidata.org/entity/Q3634509","Sahara One"
"http://www.wikidata.org/entity/Q12987254","tt0323188","http://www.wikidata.org/entity/Q7126061","Pakshiraja Studios"
"http://www.wikidata.org/entity/Q15221103","tt1431188","http://www.wikidata.org/entity/Q7532337","Sivaji Productions"
"http://www.wikidata.org/entity/Q7781357","tt6449408","http://www.wikidata.org/entity/Q7638437","Sun Pictures"
"http://www.wikidata.org/entity/Q64768531","tt8908024","http://www.wikidata.org/entity/Q55638217","Zee Studios"
"http://www.wikidata.org/entity/Q19570997","tt0250251","http://www.wikidata.org/entity/Q4834164","B. R. Panthulu"
"http://www.wikidata.org/entity/Q116738073","tt15516726","http://www.wikidata.org/entity/Q5476977","Star Studios"
"http://www.wikidata.org/entity/Q110823773","tt15560626","http://www.wikidata.org/entity/Q17021043","SonyLIV"
"http://www.wikidata.org/entity/Q110421037","tt11423818","http://www.wikidata.org/entity/Q60752075","AA Films"
"http://www.wikidata.org/entity/Q5211939","tt0273164","http://www.wikidata.org/entity/Q75533","National Film Development Corporation of India"
"http://www.wikidata.org/entity/Q63676220","tt10162730","http://www.wikidata.org/entity/Q17067950","Jaaz Multimedia"
"http://www.wikidata.org/entity/Q115907858","tt23664710","http://www.wikidata.org/entity/Q48726351","Coconut Motion Pictures"
"http://www.wikidata.org/entity/Q6877327","tt5625458","http://www.wikidata.org/entity/Q1045758","United Technologies Corporation"
"http://www.wikidata.org/entity/Q21869406","tt13447940","http://www.wikidata.org/entity/Q17067950","Jaaz Multimedia"
"http://www.wikidata.org/entity/Q64768666","tt14773980","http://www.wikidata.org/entity/Q21178934","Surinder Films"
"http://www.wikidata.org/entity/Q12974935","tt1440202","http://www.wikidata.org/entity/Q3531832","Modern Theatres"
"http://www.wikidata.org/entity/Q1626954","tt0255642","http://www.wikidata.org/entity/Q5530669","Gemini Studios"
"http://www.wikidata.org/entity/Q42955397","tt7585620","http://www.wikidata.org/entity/Q7121139","PVR Inox Pictures"
"http://www.wikidata.org/entity/Q7000280","tt0248230","http://www.wikidata.org/entity/Q7387328","S. A. Ashokan"
"http://www.wikidata.org/entity/Q5374991","tt1236192","http://www.wikidata.org/entity/Q7920465","Viswanathan Ravichandran"
"http://www.wikidata.org/entity/Q108085127","tt12299714","http://www.wikidata.org/entity/Q17021043","SonyLIV"
"http://www.wikidata.org/entity/Q112683486","tt20251716","http://www.wikidata.org/entity/Q19895072","Panorama Studios"
"http://www.wikidata.org/entity/Q18703219","tt7533410","http://www.wikidata.org/entity/Q51328854","ZEE5"
"http://www.wikidata.org/entity/Q6965164","tt1020978","http://www.wikidata.org/entity/Q907311","Netflix"
"http://www.wikidata.org/entity/Q77893875","tt9172840","http://www.wikidata.org/entity/Q907311","Netflix"
"http://www.wikidata.org/entity/Q7532401","tt18291408","http://www.wikidata.org/entity/Q3523697","AVM Productions"
"http://www.wikidata.org/entity/Q16248377","tt0476057","http://www.wikidata.org/entity/Q907311","Netflix"
"http://www.wikidata.org/entity/Q64549196","tt8871394","http://www.wikidata.org/entity/Q3363246","Paradis Films"
"http://www.wikidata.org/entity/Q6965164","tt1020978","http://www.wikidata.org/entity/Q5395348","Eros International"
"http://www.wikidata.org/entity/Q19573654","tt7414250","http://www.wikidata.org/entity/Q6379314","Kavithalayaa Productions"
"http://www.wikidata.org/entity/Q101245144","tt12929738","http://www.wikidata.org/entity/Q51328854","ZEE5"
"http://www.wikidata.org/entity/Q73028295","tt11066130","http://www.wikidata.org/entity/Q907311","Netflix"
"http://www.wikidata.org/entity/Q55392299","tt8459304","http://www.wikidata.org/entity/Q3634702","Reliance Entertainment"
"http://www.wikidata.org/entity/Q61955","tt0113311","http://www.wikidata.org/entity/Q5289625","Dolphin Films Pvt. Ltd"
"http://www.wikidata.org/entity/Q29344595","tt6069422","http://www.wikidata.org/entity/Q19891438","Eskay Movies"
"http://www.wikidata.org/entity/Q87746413","tt11154574","http://www.wikidata.org/entity/Q106653789","Pyramide Films"
"http://www.wikidata.org/entity/Q105755451","tt0296093","http://www.wikidata.org/entity/Q1544011","Pathé"
"http://www.wikidata.org/entity/Q106468636","tt13551614","http://www.wikidata.org/entity/Q4740856","Amazon Prime Video"
"http://www.wikidata.org/entity/Q17561912","tt0160640","http://www.wikidata.org/entity/Q159846","Paramount Pictures"
"http://www.wikidata.org/entity/Q29467840","tt0369712","http://www.wikidata.org/entity/Q3531832","Modern Theatres"
"http://www.wikidata.org/entity/Q19961351","tt4738774","http://www.wikidata.org/entity/Q5278091","Dinesh Lal Yadav"
"http://www.wikidata.org/entity/Q12988783","tt3269194","http://www.wikidata.org/entity/Q6379314","Kavithalayaa Productions"
"http://www.wikidata.org/entity/Q18127002","tt0248141","http://www.wikidata.org/entity/Q6434818","Kovai Chezhiyan"
"http://www.wikidata.org/entity/Q85748217","tt10545298","http://www.wikidata.org/entity/Q21178934","Surinder Films"
"http://www.wikidata.org/entity/Q115467074","tt21617996","http://www.wikidata.org/entity/Q48697860","Red Giant Movies"
"http://www.wikidata.org/entity/Q7095422","tt3308446","http://www.wikidata.org/entity/Q75533","National Film Development Corporation of India"
"http://www.wikidata.org/entity/Q12980077","tt0154710","http://www.wikidata.org/entity/Q6379314","Kavithalayaa Productions"
"http://www.wikidata.org/entity/Q85773359","tt5757806","http://www.wikidata.org/entity/Q18712208","Escape Artists Motion Pictures"
"http://www.wikidata.org/entity/Q6728574","tt0292083","http://www.wikidata.org/entity/Q24905282","Jubilee Productions"
"http://www.wikidata.org/entity/Q90346730","tt11953628","http://www.wikidata.org/entity/Q907311","Netflix"
"http://www.wikidata.org/entity/Q108901401","tt13529034","http://www.wikidata.org/entity/Q907311","Netflix"
"http://www.wikidata.org/entity/Q5094969","tt0255050","http://www.wikidata.org/entity/Q7238445","Prasad Studios"
"http://www.wikidata.org/entity/Q112201532","tt15509050","http://www.wikidata.org/entity/Q7503531","Shree Venkatesh Films"
"http://www.wikidata.org/entity/Q18358972","tt0281198","http://www.wikidata.org/entity/Q16202578","Soorya"
"http://www.wikidata.org/entity/Q38805039","tt7228220","http://www.wikidata.org/entity/Q48812264","Greentouch Entertainment"
"http://www.wikidata.org/entity/Q105920776","tt11024528","http://www.wikidata.org/entity/Q55638217","Zee Studios"
"http://www.wikidata.org/entity/Q113493289","tt15354916","http://www.wikidata.org/entity/Q1696916","Yash Raj Films"
"http://www.wikidata.org/entity/Q107439510","tt12613748","http://www.wikidata.org/entity/Q7503531","Shree Venkatesh Films"
"http://www.wikidata.org/entity/Q113493289","tt15354916","http://www.wikidata.org/entity/Q7586324","Sri Venkateswara Creations"
"http://www.wikidata.org/entity/Q110393399","tt11730914","http://www.wikidata.org/entity/Q19758675","Disney+ Hotstar"
"http://www.wikidata.org/entity/Q113493289","tt15354916","http://www.wikidata.org/entity/Q23777917","Pen India Limited"
"http://www.wikidata.org/entity/Q113493289","tt15354916","http://www.wikidata.org/entity/Q48697860","Red Giant Movies"
"http://www.wikidata.org/entity/Q6382842","tt0286752","http://www.wikidata.org/entity/Q4834437","B4U Movies"
"http://www.wikidata.org/entity/Q18394186","tt7455564","http://www.wikidata.org/entity/Q6379314","Kavithalayaa Productions"
"http://www.wikidata.org/entity/Q12986572","tt0317983","http://www.wikidata.org/entity/Q7416489","Sandow M. M. A. Chinnappa Thevar"
"http://www.wikidata.org/entity/Q118179871","tt24485052","http://www.wikidata.org/entity/Q51328854","ZEE5"
"http://www.wikidata.org/entity/Q5276627","tt0118982","http://www.wikidata.org/entity/Q3547550","UTV Motion Pictures"
"http://www.wikidata.org/entity/Q18128258","tt1477033","http://www.wikidata.org/entity/Q7416489","Sandow M. M. A. Chinnappa Thevar"
"http://www.wikidata.org/entity/Q106623488","tt13912632","http://www.wikidata.org/entity/Q19758675","Disney+ Hotstar"
"http://www.wikidata.org/entity/Q6743577","tt1609147","http://www.wikidata.org/entity/Q891732","Orion Pictures"
"http://www.wikidata.org/entity/Q7237200","tt1285133","http://www.wikidata.org/entity/Q1544615","Green Mountain Railroad"
"http://www.wikidata.org/entity/Q104904706","tt4435072","http://www.wikidata.org/entity/Q1696916","Yash Raj Films"
"http://www.wikidata.org/entity/Q16248590","tt3734580","http://www.wikidata.org/entity/Q2065128","Sony Pictures Motion Picture Group"
"http://www.wikidata.org/entity/Q11055371","tt0116407","http://www.wikidata.org/entity/Q907311","Netflix"
"http://www.wikidata.org/entity/Q106311023","tt14107554","http://www.wikidata.org/entity/Q907311","Netflix"
"http://www.wikidata.org/entity/Q6963712","tt4328084","http://www.wikidata.org/entity/Q23038264","Sri Thenandal Films"
"http://www.wikidata.org/entity/Q59192679","tt8903294","http://www.wikidata.org/entity/Q3363246","Paradis Films"
"http://www.wikidata.org/entity/Q59192679","tt8903294","http://www.wikidata.org/entity/Q3500954","Orange studio"
"http://www.wikidata.org/entity/Q21646453","tt0213685","http://www.wikidata.org/entity/Q7293174","Ranjit Studios"
"http://www.wikidata.org/entity/Q19600214","tt1427154","http://www.wikidata.org/entity/Q7929249","Vijaya Vauhini Studios"
"http://www.wikidata.org/entity/Q26710935","tt8191102","http://www.wikidata.org/entity/Q28172964","AM Television"
"http://www.wikidata.org/entity/Q119414001","tt2822034","http://www.wikidata.org/entity/Q3411249","Pyramide Distribution"
"http://www.wikidata.org/entity/Q7923791","tt1475437","http://www.wikidata.org/entity/Q7416489","Sandow M. M. A. Chinnappa Thevar"
"http://www.wikidata.org/entity/Q120298205","tt21403688","http://www.wikidata.org/entity/Q7667850","T-Series"
"http://www.wikidata.org/entity/Q108044601","tt14690080","http://www.wikidata.org/entity/Q19758675","Disney+ Hotstar"
"http://www.wikidata.org/entity/Q119414001","tt2822034","http://www.wikidata.org/entity/Q20757554","Edition Salzgeber"
"http://www.wikidata.org/entity/Q1962112","tt1239426","http://www.wikidata.org/entity/Q907311","Netflix"
"http://www.wikidata.org/entity/Q102400480","tt13774454","http://www.wikidata.org/entity/Q2450848","StudioCanal"
"http://www.wikidata.org/entity/Q7086768","tt0158044","http://www.wikidata.org/entity/Q5530669","Gemini Studios"
"http://www.wikidata.org/entity/Q7258339","tt12675648","http://www.wikidata.org/entity/Q7273465","R. B. Choudary"
"http://www.wikidata.org/entity/Q15040685","tt3319518","http://www.wikidata.org/entity/Q7924435","Viacom 18 Motion Pictures"
"http://www.wikidata.org/entity/Q7818259","tt1418762","http://www.wikidata.org/entity/Q12428554","Zee Entertainment Enterprises"
"http://www.wikidata.org/entity/Q4940870","tt0154245","http://www.wikidata.org/entity/Q3523697","AVM Productions"
"http://www.wikidata.org/entity/Q7936670","tt26691554","http://www.wikidata.org/entity/Q23038264","Sri Thenandal Films"
"http://www.wikidata.org/entity/Q106153107","tt8785026","http://www.wikidata.org/entity/Q65090311","Dev Entertainment Ventures"
"http://www.wikidata.org/entity/Q29026134","tt10160556","http://www.wikidata.org/entity/Q4648465","A. V. M. Rajan"
"http://www.wikidata.org/entity/Q7168947","tt0323619","http://www.wikidata.org/entity/Q19581336","T. R. Ramanna"
"http://www.wikidata.org/entity/Q6945252","tt0353769","http://www.wikidata.org/entity/Q24905282","Jubilee Productions"
"http://www.wikidata.org/entity/Q7917996","tt7450784","http://www.wikidata.org/entity/Q5512537","G. Venkateswaran"
"http://www.wikidata.org/entity/Q30643411","tt4123886","http://www.wikidata.org/entity/Q16895612","Music Nepal"
"http://www.wikidata.org/entity/Q77884982","tt8983182","http://www.wikidata.org/entity/Q19895072","Panorama Studios"
"http://www.wikidata.org/entity/Q109973387","tt15568576","http://www.wikidata.org/entity/Q7503531","Shree Venkatesh Films"
"http://www.wikidata.org/entity/Q16250889","tt4888138","http://www.wikidata.org/entity/Q7920465","Viswanathan Ravichandran"
"http://www.wikidata.org/entity/Q18124721","tt0353384","http://www.wikidata.org/entity/Q24905282","Jubilee Productions"
"http://www.wikidata.org/entity/Q108122170","tt15238986","http://www.wikidata.org/entity/Q907311","Netflix"
"http://www.wikidata.org/entity/Q25208660","tt7458720","http://www.wikidata.org/entity/Q633252","Sanjay Leela Bhansali"
"http://www.wikidata.org/entity/Q5618502","tt0325511","http://www.wikidata.org/entity/Q3523697","AVM Productions"
"http://www.wikidata.org/entity/Q118541088","tt15458270","http://www.wikidata.org/entity/Q48697860","Red Giant Movies"
"http://www.wikidata.org/entity/Q27962663","tt0390416","http://www.wikidata.org/entity/Q4768004","Annapurna Studios"
"http://www.wikidata.org/entity/Q119718014","tt27851639","http://www.wikidata.org/entity/Q3368732","Pathé Distribution"
"http://www.wikidata.org/entity/Q12926922","tt26472806","http://www.wikidata.org/entity/Q3531832","Modern Theatres"
"http://www.wikidata.org/entity/Q7917617","tt0042016","http://www.wikidata.org/entity/Q3523697","AVM Productions"
"http://www.wikidata.org/entity/Q5650938","tt2182726","http://www.wikidata.org/entity/Q7121139","PVR Inox Pictures"
"http://www.wikidata.org/entity/Q21203487","tt6787632","http://www.wikidata.org/entity/Q7785408","Thirupathi Brothers"
"http://www.wikidata.org/entity/Q6747608","tt0390207","http://www.wikidata.org/entity/Q16242963","Annapurna Pictures"
"http://www.wikidata.org/entity/Q65058947","tt10300662","http://www.wikidata.org/entity/Q21178934","Surinder Films"
"http://www.wikidata.org/entity/Q6986436","tt11227418","http://www.wikidata.org/entity/Q6379314","Kavithalayaa Productions"
"http://www.wikidata.org/entity/Q12976360","tt1475372","http://www.wikidata.org/entity/Q7416489","Sandow M. M. A. Chinnappa Thevar"
"http://www.wikidata.org/entity/Q6766092","tt2793930","http://www.wikidata.org/entity/Q7920465","Viswanathan Ravichandran"
"http://www.wikidata.org/entity/Q106855868","tt13684082","http://www.wikidata.org/entity/Q19891438","Eskay Movies"
"http://www.wikidata.org/entity/Q16255247","tt1649436","http://www.wikidata.org/entity/Q21178741","Ramalakshmi Cine Creations"
"http://www.wikidata.org/entity/Q106616993","tt11460992","http://www.wikidata.org/entity/Q19895072","Panorama Studios"
"http://www.wikidata.org/entity/Q55393463","tt8658520","http://www.wikidata.org/entity/Q21178934","Surinder Films"
"http://www.wikidata.org/entity/Q111222433","tt14200930","http://www.wikidata.org/entity/Q1124861","France Télévisions"
"http://www.wikidata.org/entity/Q106616993","tt11460992","http://www.wikidata.org/entity/Q1696916","Yash Raj Films"
"http://www.wikidata.org/entity/Q17182914","tt0313481","http://www.wikidata.org/entity/Q5277256","Dimension Pictures"
"http://www.wikidata.org/entity/Q16310122","tt0246220","http://www.wikidata.org/entity/Q5530669","Gemini Studios"
"http://www.wikidata.org/entity/Q66809663","tt10816510","http://www.wikidata.org/entity/Q7121139","PVR Inox Pictures"
"http://www.wikidata.org/entity/Q43303147","tt0237307","http://www.wikidata.org/entity/Q1530721","National Film Board of Canada"
"http://www.wikidata.org/entity/Q7121463","tt0156856","http://www.wikidata.org/entity/Q7532337","Sivaji Productions"
"http://www.wikidata.org/entity/Q7121414","tt6747488","http://www.wikidata.org/entity/Q18395294","Vendhar Movies"
"http://www.wikidata.org/entity/Q65113791","tt1396220","http://www.wikidata.org/entity/Q62384119","Filmoption International"
"http://www.wikidata.org/entity/Q106298596","tt13927994","http://www.wikidata.org/entity/Q85767116","Hombale Films"
"http://www.wikidata.org/entity/Q106577763","tt11703710","http://www.wikidata.org/entity/Q168383","Universal Pictures"
"http://www.wikidata.org/entity/Q1154209","tt0046970","http://www.wikidata.org/entity/Q186941","Columbia Pictures"
"http://www.wikidata.org/entity/Q106577763","tt11703710","http://www.wikidata.org/entity/Q649649","Focus Features"
"http://www.wikidata.org/entity/Q24905187","tt0107233","http://www.wikidata.org/entity/Q907311","Netflix"
"http://www.wikidata.org/entity/Q24905187","tt0107233","http://www.wikidata.org/entity/Q1032540","Canal+"
"http://www.wikidata.org/entity/Q4873187","tt0070245","http://www.wikidata.org/entity/Q1066018","Toei Company"
"http://www.wikidata.org/entity/Q96377612","tt10046694","http://www.wikidata.org/entity/Q3546608","Telefiction"
"http://www.wikidata.org/entity/Q6070367","tt0856789","http://www.wikidata.org/entity/Q6033386","Özen Film"
"http://www.wikidata.org/entity/Q60962735","tt5279162","http://www.wikidata.org/entity/Q60924002","K-Films Amerique"
"http://www.wikidata.org/entity/Q49835081","tt0075608","http://www.wikidata.org/entity/Q62384257","Les Films d’Aujourd’hui"
"http://www.wikidata.org/entity/Q56205456","tt12221014","http://www.wikidata.org/entity/Q62666456","Spira"
"http://www.wikidata.org/entity/Q1741043","tt0107042","http://www.wikidata.org/entity/Q907311","Netflix"
"http://www.wikidata.org/entity/Q7606919","tt2967286","http://www.wikidata.org/entity/Q907311","Netflix"
"http://www.wikidata.org/entity/Q51756477","tt10499474","http://www.wikidata.org/entity/Q907311","Netflix"
"http://www.wikidata.org/entity/Q1520801","tt1172963","http://www.wikidata.org/entity/Q2910457","IFC Films"
"http://www.wikidata.org/entity/Q7606919","tt2967286","http://www.wikidata.org/entity/Q3716908","Dynit"
"http://www.wikidata.org/entity/Q7914956","tt2076982","http://www.wikidata.org/entity/Q6401870","Khmer Mekong Films"
"http://www.wikidata.org/entity/Q42855585","tt8060408","http://www.wikidata.org/entity/Q21880729","GDH 559"
"http://www.wikidata.org/entity/Q51756477","tt10499474","http://www.wikidata.org/entity/Q108129095","Silverbird Film Distribution"
"http://www.wikidata.org/entity/Q55907576","tt0011329","http://www.wikidata.org/entity/Q1188369","First National"
"http://www.wikidata.org/entity/Q4655881","tt0224757","http://www.wikidata.org/entity/Q1530721","National Film Board of Canada"
"http://www.wikidata.org/entity/Q1741043","tt0107042","http://www.wikidata.org/entity/Q2071905","BBC Worldwide"
"http://www.wikidata.org/entity/Q1171531","tt0242029","http://www.wikidata.org/entity/Q907311","Netflix"
"http://www.wikidata.org/entity/Q30051035","tt8149090","http://www.wikidata.org/entity/Q907311","Netflix"
"http://www.wikidata.org/entity/Q59725758","tt8844480","http://www.wikidata.org/entity/Q907311","Netflix"
"http://www.wikidata.org/entity/Q108146664","tt15010292","http://www.wikidata.org/entity/Q2910457","IFC Films"
"http://www.wikidata.org/entity/Q1171531","tt0242029","http://www.wikidata.org/entity/Q3290445","Marfilmes"
"http://www.wikidata.org/entity/Q96117782","tt0125938","http://www.wikidata.org/entity/Q12738900","RADEF"
"http://www.wikidata.org/entity/Q28750064","tt0180932","http://www.wikidata.org/entity/Q19937635","Viba Film"
"http://www.wikidata.org/entity/Q28750064","tt0180932","http://www.wikidata.org/entity/Q76010028","Vesna Film"
"http://www.wikidata.org/entity/Q7783672","tt0378661","http://www.wikidata.org/entity/Q907311","Netflix"
"http://www.wikidata.org/entity/Q4762042","tt1208664","http://www.wikidata.org/entity/Q3075023","Folkets Bio"
"http://www.wikidata.org/entity/Q24276062","tt0143810","http://www.wikidata.org/entity/Q6428422","Kommunenes Filmcentral"
"http://www.wikidata.org/entity/Q48841235","tt5867468","http://www.wikidata.org/entity/Q18426195","Kino Świat"
"http://www.wikidata.org/entity/Q7974560","tt0090299","http://www.wikidata.org/entity/Q1530721","National Film Board of Canada"
"http://www.wikidata.org/entity/Q111655628","tt14509240","http://www.wikidata.org/entity/Q177955","SF Studios"
"http://www.wikidata.org/entity/Q1479227","tt1650407","http://www.wikidata.org/entity/Q907311","Netflix"
"http://www.wikidata.org/entity/Q27590526","tt0168194","http://www.wikidata.org/entity/Q2756503","Gaumont-British Picture Corporation"
"http://www.wikidata.org/entity/Q12472695","tt0288434","http://www.wikidata.org/entity/Q3020149","PERFINI"
"http://www.wikidata.org/entity/Q1479227","tt1650407","http://www.wikidata.org/entity/Q3657087","Motlys"
"http://www.wikidata.org/entity/Q11973219","tt0033682","http://www.wikidata.org/entity/Q6428422","Kommunenes Filmcentral"
"http://www.wikidata.org/entity/Q12472273","tt1045812","http://www.wikidata.org/entity/Q14933723","Multivision Plus"
"http://www.wikidata.org/entity/Q61359609","tt10394822","http://www.wikidata.org/entity/Q19758675","Disney+ Hotstar"
"http://www.wikidata.org/entity/Q4079196","tt0120051","http://www.wikidata.org/entity/Q23589","Showtime"
"http://www.wikidata.org/entity/Q63934644","tt0018703","http://www.wikidata.org/entity/Q3368737","Pathé Exchange"
"http://www.wikidata.org/entity/Q237134","tt0037884","http://www.wikidata.org/entity/Q159846","Paramount Pictures"
"http://www.wikidata.org/entity/Q237134","tt0037884","http://www.wikidata.org/entity/Q907311","Netflix"
"http://www.wikidata.org/entity/Q7208704","tt1288482","http://www.wikidata.org/entity/Q907311","Netflix"
"http://www.wikidata.org/entity/Q237134","tt0037884","http://www.wikidata.org/entity/Q5371838","Vudu"
"http://www.wikidata.org/entity/Q7506361","tt0096421","http://www.wikidata.org/entity/Q14474500","Rapi Films"
"http://www.wikidata.org/entity/Q12514144","tt1192123","http://www.wikidata.org/entity/Q14474500","Rapi Films"
"http://www.wikidata.org/entity/Q12484305","tt14043904","http://www.wikidata.org/entity/Q19752838","Soraya Intercine Films"
"http://www.wikidata.org/entity/Q19730614","tt1170005","http://www.wikidata.org/entity/Q19752838","Soraya Intercine Films"
"http://www.wikidata.org/entity/Q826451","tt0156706","http://www.wikidata.org/entity/Q2478133","Media Blasters"
"http://www.wikidata.org/entity/Q102036265","tt10473036","http://www.wikidata.org/entity/Q3191452","KMBO"
"http://www.wikidata.org/entity/Q3967728","tt0025827","http://www.wikidata.org/entity/Q781183","Istituto Luce"
"http://www.wikidata.org/entity/Q826451","tt0156706","http://www.wikidata.org/entity/Q907311","Netflix"
"http://www.wikidata.org/entity/Q21646669","tt0183457","http://www.wikidata.org/entity/Q3649554","Caesar Film"
"http://www.wikidata.org/entity/Q15708660","tt0208545","http://www.wikidata.org/entity/Q3857330","Mikado Film"
"http://www.wikidata.org/entity/Q52161439","tt1661829","http://www.wikidata.org/entity/Q3929491","Rai Cinema"
"http://www.wikidata.org/entity/Q16576002","tt0041638","http://www.wikidata.org/entity/Q3940534","Romana Film"
"http://www.wikidata.org/entity/Q4024488","tt0310394","http://www.wikidata.org/entity/Q3963283","Società Anonima Stefano Pittaluga"
"http://www.wikidata.org/entity/Q3722030","tt1215858","http://www.wikidata.org/entity/Q4004862","Unione Cinematografica Italiana"
"http://www.wikidata.org/entity/Q3845254","tt0933082","http://www.wikidata.org/entity/Q4004862","Unione Cinematografica Italiana"
"http://www.wikidata.org/entity/Q3878422","tt0188956","http://www.wikidata.org/entity/Q4004862","Unione Cinematografica Italiana"
"http://www.wikidata.org/entity/Q25470363","tt1754012","http://www.wikidata.org/entity/Q14474500","Rapi Films"
"http://www.wikidata.org/entity/Q30890049","tt0045642","http://www.wikidata.org/entity/Q3940534","Romana Film"
"http://www.wikidata.org/entity/Q3809834","tt0181614","http://www.wikidata.org/entity/Q3963283","Società Anonima Stefano Pittaluga"
"http://www.wikidata.org/entity/Q3818775","tt0338742","http://www.wikidata.org/entity/Q3963283","Società Anonima Stefano Pittaluga"
"http://www.wikidata.org/entity/Q3819157","tt1598553","http://www.wikidata.org/entity/Q4004862","Unione Cinematografica Italiana"
"http://www.wikidata.org/entity/Q3821458","tt0963275","http://www.wikidata.org/entity/Q4004862","Unione Cinematografica Italiana"
"http://www.wikidata.org/entity/Q3880698","tt1705924","http://www.wikidata.org/entity/Q1544011","Pathé"
"http://www.wikidata.org/entity/Q3818635","tt0027298","http://www.wikidata.org/entity/Q126399","Warner Bros."
"http://www.wikidata.org/entity/Q3549042","tt0055098","http://www.wikidata.org/entity/Q186941","Columbia Pictures"
"http://www.wikidata.org/entity/Q7773495","tt0414344","http://www.wikidata.org/entity/Q907311","Netflix"
"http://www.wikidata.org/entity/Q111942047","tt13421498","http://www.wikidata.org/entity/Q3368732","Pathé Distribution"
"http://www.wikidata.org/entity/Q7773495","tt0414344","http://www.wikidata.org/entity/Q3843364","Magnolia Pictures"
"http://www.wikidata.org/entity/Q60837051","tt0038304","http://www.wikidata.org/entity/Q219400","United Artists Corporation"
"http://www.wikidata.org/entity/Q3477053","tt0025757","http://www.wikidata.org/entity/Q495396","Cines"
"http://www.wikidata.org/entity/Q3818393","tt0027288","http://www.wikidata.org/entity/Q781183","Istituto Luce"
"http://www.wikidata.org/entity/Q3955486","tt1669687","http://www.wikidata.org/entity/Q1554656","01 Distribution"
"http://www.wikidata.org/entity/Q21647123","tt0182292","http://www.wikidata.org/entity/Q3649554","Caesar Film"
"http://www.wikidata.org/entity/Q28000824","tt0034316","http://www.wikidata.org/entity/Q3734691","Euro International Film"
"http://www.wikidata.org/entity/Q3854283","tt0024322","http://www.wikidata.org/entity/Q3963283","Società Anonima Stefano Pittaluga"
"http://www.wikidata.org/entity/Q3836764","tt1177149","http://www.wikidata.org/entity/Q4004862","Unione Cinematografica Italiana"
"http://www.wikidata.org/entity/Q61838923","tt10276054","http://www.wikidata.org/entity/Q12594195","Lotte Entertainment"
"http://www.wikidata.org/entity/Q3841145","tt0033885","http://www.wikidata.org/entity/Q48814017","Minerva Film"
"http://www.wikidata.org/entity/Q4656277","tt0007841","http://www.wikidata.org/entity/Q24679","Triangle Film Corporation"
"http://www.wikidata.org/entity/Q19363791","tt0197833","http://www.wikidata.org/entity/Q159846","Paramount Pictures"
"http://www.wikidata.org/entity/Q27703341","tt0254804","http://www.wikidata.org/entity/Q16056309","Embrafilme"
"http://www.wikidata.org/entity/Q2188914","tt1987018","http://www.wikidata.org/entity/Q16621151","Vidéa"
"http://www.wikidata.org/entity/Q27962900","tt0010474","http://www.wikidata.org/entity/Q650331","Metro Pictures"
"http://www.wikidata.org/entity/Q4686646","tt0032184","http://www.wikidata.org/entity/Q774682","Republic Pictures"
"http://www.wikidata.org/entity/Q2188914","tt1987018","http://www.wikidata.org/entity/Q907311","Netflix"
"http://www.wikidata.org/entity/Q2900129","tt0007697","http://www.wikidata.org/entity/Q2644123","Fox Film Corporation"
"http://www.wikidata.org/entity/Q21868855","tt0011768","http://www.wikidata.org/entity/Q2644123","Fox Film Corporation"
"http://www.wikidata.org/entity/Q16038814","tt0011429","http://www.wikidata.org/entity/Q3368737","Pathé Exchange"
"http://www.wikidata.org/entity/Q13423756","tt0176888","http://www.wikidata.org/entity/Q159846","Paramount Pictures"
"http://www.wikidata.org/entity/Q19865453","tt4172430","http://www.wikidata.org/entity/Q159846","Paramount Pictures"
"http://www.wikidata.org/entity/Q112865585","tt14371860","http://www.wikidata.org/entity/Q159846","Paramount Pictures"
"http://www.wikidata.org/entity/Q5522037","tt1344315","http://www.wikidata.org/entity/Q907311","Netflix"
"http://www.wikidata.org/entity/Q19865453","tt4172430","http://www.wikidata.org/entity/Q907311","Netflix"
"http://www.wikidata.org/entity/Q43387280","tt0010461","http://www.wikidata.org/entity/Q1188369","First National"
"http://www.wikidata.org/entity/Q57779987","tt0012886","http://www.wikidata.org/entity/Q1188369","First National"
"http://www.wikidata.org/entity/Q23199045","tt0010802","http://www.wikidata.org/entity/Q1414304","Film Booking Offices of America"
"http://www.wikidata.org/entity/Q3602456","tt0010109","http://www.wikidata.org/entity/Q2644123","Fox Film Corporation"
"http://www.wikidata.org/entity/Q10338993","tt0159406","http://www.wikidata.org/entity/Q9763057","Cinedistri"
"http://www.wikidata.org/entity/Q22327187","tt3917316","http://www.wikidata.org/entity/Q28871365","Cirko Film"
"http://www.wikidata.org/entity/Q107348809","tt10949028","http://www.wikidata.org/entity/Q105616434","Quiver Distribution"
"http://www.wikidata.org/entity/Q2819944","tt0012811","http://www.wikidata.org/entity/Q159846","Paramount Pictures"
"http://www.wikidata.org/entity/Q3602747","tt0010713","http://www.wikidata.org/entity/Q159846","Paramount Pictures"
"http://www.wikidata.org/entity/Q4657031","tt0010171","http://www.wikidata.org/entity/Q159846","Paramount Pictures"
"http://www.wikidata.org/entity/Q4659661","tt0158973","http://www.wikidata.org/entity/Q159846","Paramount Pictures"
"http://www.wikidata.org/entity/Q18914840","tt0013246","http://www.wikidata.org/entity/Q159846","Paramount Pictures"
"http://www.wikidata.org/entity/Q108877975","tt10343028","http://www.wikidata.org/entity/Q649649","Focus Features"
"http://www.wikidata.org/entity/Q6697727","tt0091446","http://www.wikidata.org/entity/Q907311","Netflix"
"http://www.wikidata.org/entity/Q23301831","tt4922692","http://www.wikidata.org/entity/Q907311","Netflix"
"http://www.wikidata.org/entity/Q104830968","tt10304142","http://www.wikidata.org/entity/Q434841","20th Century Studios"
"http://www.wikidata.org/entity/Q104830968","tt10304142","http://www.wikidata.org/entity/Q1005887","Fórum Hungary"
"http://www.wikidata.org/entity/Q3427499","tt0077878","http://www.wikidata.org/entity/Q16056309","Embrafilme"
"http://www.wikidata.org/entity/Q9747482","tt0088906","http://www.wikidata.org/entity/Q16056309","Embrafilme"
"http://www.wikidata.org/entity/Q23301831","tt4922692","http://www.wikidata.org/entity/Q16516296","ADS Service"
"http://www.wikidata.org/entity/Q23301831","tt4922692","http://www.wikidata.org/entity/Q16621151","Vidéa"
"http://www.wikidata.org/entity/Q108877975","tt10343028","http://www.wikidata.org/entity/Q21043034","Universal Subscription"
"http://www.wikidata.org/entity/Q111945315","tt18083578","http://www.wikidata.org/entity/Q28871047","Vertigo Média"
"http://www.wikidata.org/entity/Q113349511","tt10602182","http://www.wikidata.org/entity/Q65058871","La Aventura"
"http://www.wikidata.org/entity/Q111541382","tt13835046","http://www.wikidata.org/entity/Q1459090","The Asylum"
"http://www.wikidata.org/entity/Q115249864","tt15250656","http://www.wikidata.org/entity/Q2910457","IFC Films"
"http://www.wikidata.org/entity/Q120414817","tt11737466","http://www.wikidata.org/entity/Q3277355","Saban Capital Group"
"http://www.wikidata.org/entity/Q51686327","tt6852272","http://www.wikidata.org/entity/Q5303438","Downtown Filmes"
"http://www.wikidata.org/entity/Q14795754","tt3008014","http://www.wikidata.org/entity/Q626185","SHOWBOX Co., Ltd."
"http://www.wikidata.org/entity/Q108940282","tt1695843","http://www.wikidata.org/entity/Q1005887","Fórum Hungary"
"http://www.wikidata.org/entity/Q13460496","tt0014130","http://www.wikidata.org/entity/Q1188369","First National"
"http://www.wikidata.org/entity/Q108940282","tt1695843","http://www.wikidata.org/entity/Q1323594","Walt Disney Studios Motion Pictures"
"http://www.wikidata.org/entity/Q4678867","tt0096761","http://www.wikidata.org/entity/Q6881146","Mitchell Block"
"http://www.wikidata.org/entity/Q91003775","tt6896378","http://www.wikidata.org/entity/Q19947837","Barton Films"
"http://www.wikidata.org/entity/Q108940282","tt1695843","http://www.wikidata.org/entity/Q54958752","Disney+"
"http://www.wikidata.org/entity/Q109270685","tt15741196","http://www.wikidata.org/entity/Q55736184","Studio Santa Claus Entertainment"
"http://www.wikidata.org/entity/Q111589656","tt20168564","http://www.wikidata.org/entity/Q56063989","CJ ENM"
"http://www.wikidata.org/entity/Q107125026","tt13867056","http://www.wikidata.org/entity/Q75082723","Universal Films Española"
"http://www.wikidata.org/entity/Q31271369","tt5433140","http://www.wikidata.org/entity/Q168383","Universal Pictures"
"http://www.wikidata.org/entity/Q5772173","tt0012285","http://www.wikidata.org/entity/Q179922","Goldwyn Pictures"
"http://www.wikidata.org/entity/Q5752862","tt0398103","http://www.wikidata.org/entity/Q907311","Netflix"
"http://www.wikidata.org/entity/Q65042070","tt0018006","http://www.wikidata.org/entity/Q1188369","First National"
"http://www.wikidata.org/entity/Q61100949","tt9647926","http://www.wikidata.org/entity/Q15730367","Next Entertainment World"
"http://www.wikidata.org/entity/Q111915694","tt8105234","http://www.wikidata.org/entity/Q54958752","Disney+"
"http://www.wikidata.org/entity/Q31271369","tt5433140","http://www.wikidata.org/entity/Q1329615","UIP-Dunafilm"
"http://www.wikidata.org/entity/Q5582752","tt0013196","http://www.wikidata.org/entity/Q1414304","Film Booking Offices of America"
"http://www.wikidata.org/entity/Q31271369","tt5433140","http://www.wikidata.org/entity/Q1474307","United International Pictures"
"http://www.wikidata.org/entity/Q111915694","tt8105234","http://www.wikidata.org/entity/Q1630304","Hulu"
"http://www.wikidata.org/entity/Q102162355","tt5482242","http://www.wikidata.org/entity/Q4740856","Amazon Prime Video"
"http://www.wikidata.org/entity/Q20652060","tt4471636","http://www.wikidata.org/entity/Q12594195","Lotte Entertainment"
"http://www.wikidata.org/entity/Q3747534","tt0012181","http://www.wikidata.org/entity/Q159846","Paramount Pictures"
"http://www.wikidata.org/entity/Q120135476","tt27074938","http://www.wikidata.org/entity/Q649649","Focus Features"
"http://www.wikidata.org/entity/Q115890","tt2315152","http://www.wikidata.org/entity/Q907311","Netflix"
"http://www.wikidata.org/entity/Q492289","tt1922561","http://www.wikidata.org/entity/Q907311","Netflix"
"http://www.wikidata.org/entity/Q56596725","tt0013165","http://www.wikidata.org/entity/Q1188369","First National"
"http://www.wikidata.org/entity/Q62761120","tt0014957","http://www.wikidata.org/entity/Q1418400","Vitagraph Studios"
"http://www.wikidata.org/entity/Q30602481","tt0012184","http://www.wikidata.org/entity/Q2644123","Fox Film Corporation"
"http://www.wikidata.org/entity/Q115890","tt2315152","http://www.wikidata.org/entity/Q5012265","CJ Entertainment"
"http://www.wikidata.org/entity/Q492393","tt2088012","http://www.wikidata.org/entity/Q5012265","CJ Entertainment"
"http://www.wikidata.org/entity/Q2250631","tt0009208","http://www.wikidata.org/entity/Q159846","Paramount Pictures"
"http://www.wikidata.org/entity/Q8564063","tt2351310","http://www.wikidata.org/entity/Q907311","Netflix"
"http://www.wikidata.org/entity/Q48671233","tt0014131","http://www.wikidata.org/entity/Q1188369","First National"
"http://www.wikidata.org/entity/Q62020324","tt0128228","http://www.wikidata.org/entity/Q1414304","Film Booking Offices of America"
"http://www.wikidata.org/entity/Q8564063","tt2351310","http://www.wikidata.org/entity/Q7509507","SidusHQ"
"http://www.wikidata.org/entity/Q109284173","tt11909878","http://www.wikidata.org/entity/Q54958752","Disney+"
"http://www.wikidata.org/entity/Q3785811","tt0009181","http://www.wikidata.org/entity/Q159846","Paramount Pictures"
"http://www.wikidata.org/entity/Q3129811","tt0008065","http://www.wikidata.org/entity/Q168383","Universal Pictures"
"http://www.wikidata.org/entity/Q76822554","tt11156614","http://www.wikidata.org/entity/Q907311","Netflix"
"http://www.wikidata.org/entity/Q81561094","tt9063902","http://www.wikidata.org/entity/Q907311","Netflix"
"http://www.wikidata.org/entity/Q81561094","tt9063902","http://www.wikidata.org/entity/Q5449046","Filmax"
"http://www.wikidata.org/entity/Q5618823","tt0777870","http://www.wikidata.org/entity/Q7410077","Sampaguita Pictures"
"http://www.wikidata.org/entity/Q3785837","tt0190458","http://www.wikidata.org/entity/Q159846","Paramount Pictures"
"http://www.wikidata.org/entity/Q16028436","tt0007907","http://www.wikidata.org/entity/Q159846","Paramount Pictures"
"http://www.wikidata.org/entity/Q492485","tt2330866","http://www.wikidata.org/entity/Q626185","SHOWBOX Co., Ltd."
"http://www.wikidata.org/entity/Q486803","tt1287878","http://www.wikidata.org/entity/Q907311","Netflix"
"http://www.wikidata.org/entity/Q492485","tt2330866","http://www.wikidata.org/entity/Q907311","Netflix"
"http://www.wikidata.org/entity/Q486803","tt1287878","http://www.wikidata.org/entity/Q17126013","MOKÉP"
"http://www.wikidata.org/entity/Q118368738","tt7401840","http://www.wikidata.org/entity/Q4041684","Ivi.ru"
"http://www.wikidata.org/entity/Q486803","tt1287878","http://www.wikidata.org/entity/Q15730367","Next Entertainment World"
"http://www.wikidata.org/entity/Q116442876","tt28106766","http://www.wikidata.org/entity/Q15730367","Next Entertainment World"
"http://www.wikidata.org/entity/Q16251773","tt0010290","http://www.wikidata.org/entity/Q159846","Paramount Pictures"
"http://www.wikidata.org/entity/Q18510516","tt0007643","http://www.wikidata.org/entity/Q159846","Paramount Pictures"
"http://www.wikidata.org/entity/Q18914889","tt0011038","http://www.wikidata.org/entity/Q159846","Paramount Pictures"
"http://www.wikidata.org/entity/Q110811753","tt11358390","http://www.wikidata.org/entity/Q168383","Universal Pictures"
"http://www.wikidata.org/entity/Q18636458","tt0020034","http://www.wikidata.org/entity/Q179200","Metro-Goldwyn-Mayer"
"http://www.wikidata.org/entity/Q107524912","tt12718300","http://www.wikidata.org/entity/Q465449","Miramax"
"http://www.wikidata.org/entity/Q7540937","tt0014485","http://www.wikidata.org/entity/Q1188369","First National"
"http://www.wikidata.org/entity/Q56736591","tt0017306","http://www.wikidata.org/entity/Q1188369","First National"
"http://www.wikidata.org/entity/Q63450212","tt0130098","http://www.wikidata.org/entity/Q1188369","First National"
"http://www.wikidata.org/entity/Q5313345","tt0125069","http://www.wikidata.org/entity/Q540590","Mutual Film"
"http://www.wikidata.org/entity/Q7728110","tt0006557","http://www.wikidata.org/entity/Q689021","Selig Polyscope Company"
"http://www.wikidata.org/entity/Q111530175","tt3427252","http://www.wikidata.org/entity/Q1005887","Fórum Hungary"
"http://www.wikidata.org/entity/Q110811753","tt11358390","http://www.wikidata.org/entity/Q1329615","UIP-Dunafilm"
"http://www.wikidata.org/entity/Q18350959","tt0013261","http://www.wikidata.org/entity/Q1414304","Film Booking Offices of America"
"http://www.wikidata.org/entity/Q56452583","tt0134719","http://www.wikidata.org/entity/Q1414304","Film Booking Offices of America"
"http://www.wikidata.org/entity/Q111530175","tt3427252","http://www.wikidata.org/entity/Q1630304","Hulu"
"http://www.wikidata.org/entity/Q116464655","tt9048804","http://www.wikidata.org/entity/Q2910457","IFC Films"
"http://www.wikidata.org/entity/Q60738340","tt0150365","http://www.wikidata.org/entity/Q3368737","Pathé Exchange"
"http://www.wikidata.org/entity/Q60034640","tt9602258","http://www.wikidata.org/entity/Q12594195","Lotte Entertainment"
"http://www.wikidata.org/entity/Q108704293","tt13650494","http://www.wikidata.org/entity/Q54958752","Disney+"
"http://www.wikidata.org/entity/Q111720319","tt17048330","http://www.wikidata.org/entity/Q54958752","Disney+"
"http://www.wikidata.org/entity/Q106363032","tt14128670","http://www.wikidata.org/entity/Q65359104","Max"
"http://www.wikidata.org/entity/Q18709053","tt0004514","http://www.wikidata.org/entity/Q159846","Paramount Pictures"
"http://www.wikidata.org/entity/Q61876370","tt9603212","http://www.wikidata.org/entity/Q159846","Paramount Pictures"
"http://www.wikidata.org/entity/Q59600667","tt0009912","http://www.wikidata.org/entity/Q1188369","First National"
"http://www.wikidata.org/entity/Q61876370","tt9603212","http://www.wikidata.org/entity/Q1329615","UIP-Dunafilm"
"http://www.wikidata.org/entity/Q3986113","tt0009969","http://www.wikidata.org/entity/Q1414304","Film Booking Offices of America"
"http://www.wikidata.org/entity/Q7549365","tt0011714","http://www.wikidata.org/entity/Q1414304","Film Booking Offices of America"
"http://www.wikidata.org/entity/Q56045021","tt0013978","http://www.wikidata.org/entity/Q1414304","Film Booking Offices of America"
"http://www.wikidata.org/entity/Q62278019","tt0015181","http://www.wikidata.org/entity/Q1414304","Film Booking Offices of America"
"http://www.wikidata.org/entity/Q7571879","tt0008612","http://www.wikidata.org/entity/Q650331","Metro Pictures"
"http://www.wikidata.org/entity/Q5223616","tt0027502","http://www.wikidata.org/entity/Q774682","Republic Pictures"
"http://www.wikidata.org/entity/Q27958509","tt4154916","http://www.wikidata.org/entity/Q907311","Netflix"
"http://www.wikidata.org/entity/Q5036711","tt0019748","http://www.wikidata.org/entity/Q2644123","Fox Film Corporation"
"http://www.wikidata.org/entity/Q30634582","tt0014481","http://www.wikidata.org/entity/Q2644123","Fox Film Corporation"
"http://www.wikidata.org/entity/Q117443220","tt24078380","http://www.wikidata.org/entity/Q2910457","IFC Films"
"http://www.wikidata.org/entity/Q7520769","tt0011696","http://www.wikidata.org/entity/Q3368737","Pathé Exchange"
"http://www.wikidata.org/entity/Q48673878","tt0009073","http://www.wikidata.org/entity/Q3368737","Pathé Exchange"
"http://www.wikidata.org/entity/Q16253903","tt0007150","http://www.wikidata.org/entity/Q3739165","Famous Players-Lasky Corporation"
"http://www.wikidata.org/entity/Q27958509","tt4154916","http://www.wikidata.org/entity/Q5380468","Allen Media Group"
"http://www.wikidata.org/entity/Q19363726","tt0256979","http://www.wikidata.org/entity/Q8043630","Xenon Pictures"
"http://www.wikidata.org/entity/Q116797612","tt21991654","http://www.wikidata.org/entity/Q30277272","RLJE Films"
"http://www.wikidata.org/entity/Q63568764","tt0014172","http://www.wikidata.org/entity/Q63567746","W.W. Hodkinson Distribution"
"http://www.wikidata.org/entity/Q6651273","tt0005636","http://www.wikidata.org/entity/Q159846","Paramount Pictures"
"http://www.wikidata.org/entity/Q17125540","tt0013628","http://www.wikidata.org/entity/Q159846","Paramount Pictures"
"http://www.wikidata.org/entity/Q18915042","tt0012300","http://www.wikidata.org/entity/Q159846","Paramount Pictures"
"http://www.wikidata.org/entity/Q112341432","tt8521778","http://www.wikidata.org/entity/Q159846","Paramount Pictures"
"http://www.wikidata.org/entity/Q110550428","tt17041964","http://www.wikidata.org/entity/Q48340","CNN"
"http://www.wikidata.org/entity/Q84712809","tt10151854","http://www.wikidata.org/entity/Q126399","Warner Bros."
"http://www.wikidata.org/entity/Q3929292","tt0015569","http://www.wikidata.org/entity/Q168383","Universal Pictures"
"http://www.wikidata.org/entity/Q43831007","tt0011646","http://www.wikidata.org/entity/Q168383","Universal Pictures"
"http://www.wikidata.org/entity/Q6003379","tt0004142","http://www.wikidata.org/entity/Q540590","Mutual Film"
"http://www.wikidata.org/entity/Q7282787","tt0067648","http://www.wikidata.org/entity/Q621231","Apple Corps"
"http://www.wikidata.org/entity/Q84712809","tt10151854","http://www.wikidata.org/entity/Q1097348","InterCom"
"http://www.wikidata.org/entity/Q30593511","tt0019390","http://www.wikidata.org/entity/Q1414304","Film Booking Offices of America"
"http://www.wikidata.org/entity/Q81418405","tt0012673","http://www.wikidata.org/entity/Q1414304","Film Booking Offices of America"
"http://www.wikidata.org/entity/Q110010607","tt2560078","http://www.wikidata.org/entity/Q1630304","Hulu"
"http://www.wikidata.org/entity/Q16249150","tt0013002","http://www.wikidata.org/entity/Q2644123","Fox Film Corporation"
"http://www.wikidata.org/entity/Q30634557","tt0013993","http://www.wikidata.org/entity/Q2644123","Fox Film Corporation"
"http://www.wikidata.org/entity/Q112205572","tt1461238","http://www.wikidata.org/entity/Q2910457","IFC Films"
"http://www.wikidata.org/entity/Q62595482","tt0196815","http://www.wikidata.org/entity/Q3368737","Pathé Exchange"
"http://www.wikidata.org/entity/Q84712809","tt10151854","http://www.wikidata.org/entity/Q8016302","Warner Bros. Pictures"
"http://www.wikidata.org/entity/Q110550428","tt17041964","http://www.wikidata.org/entity/Q65359104","Max"
"http://www.wikidata.org/entity/Q104879992","tt11165716","http://www.wikidata.org/entity/Q85769005","Illegal Civilization"
"http://www.wikidata.org/entity/Q110550428","tt17041964","http://www.wikidata.org/entity/Q110249751","CNN+"
"http://www.wikidata.org/entity/Q7734901","tt0007970","http://www.wikidata.org/entity/Q159846","Paramount Pictures"
"http://www.wikidata.org/entity/Q112183404","tt13433802","http://www.wikidata.org/entity/Q159846","Paramount Pictures"
"http://www.wikidata.org/entity/Q52715594","tt0018019","http://www.wikidata.org/entity/Q126399","Warner Bros."
"http://www.wikidata.org/entity/Q109116363","tt15248702","http://www.wikidata.org/entity/Q126399","Warner Bros."
"http://www.wikidata.org/entity/Q114798301","tt20768712","http://www.wikidata.org/entity/Q168383","Universal Pictures"
"http://www.wikidata.org/entity/Q114798301","tt20768712","http://www.wikidata.org/entity/Q649649","Focus Features"
"http://www.wikidata.org/entity/Q3953032","tt0012655","http://www.wikidata.org/entity/Q1188369","First National"
"http://www.wikidata.org/entity/Q63565887","tt0012574","http://www.wikidata.org/entity/Q1188369","First National"
"http://www.wikidata.org/entity/Q65085346","tt0145732","http://www.wikidata.org/entity/Q1188369","First National"
"http://www.wikidata.org/entity/Q3986222","tt0005071","http://www.wikidata.org/entity/Q2644123","Fox Film Corporation"
"http://www.wikidata.org/entity/Q62595457","tt0011005","http://www.wikidata.org/entity/Q3368737","Pathé Exchange"
"http://www.wikidata.org/entity/Q3358579","tt0012536","http://www.wikidata.org/entity/Q7196757","Pioneer Pictures"
"http://www.wikidata.org/entity/Q117842589","tt17219484","http://www.wikidata.org/entity/Q54958752","Disney+"
"http://www.wikidata.org/entity/Q55818700","tt0015227","http://www.wikidata.org/entity/Q1414304","Film Booking Offices of America"
"http://www.wikidata.org/entity/Q117842589","tt17219484","http://www.wikidata.org/entity/Q1630304","Hulu"
"http://www.wikidata.org/entity/Q3039250","tt0090970","http://www.wikidata.org/entity/Q179200","Metro-Goldwyn-Mayer"
"http://www.wikidata.org/entity/Q97860919","tt12759084","http://www.wikidata.org/entity/Q65359104","Max"
"http://www.wikidata.org/entity/Q728539","tt0435705","http://www.wikidata.org/entity/Q159846","Paramount Pictures"
"http://www.wikidata.org/entity/Q3352153","tt0008382","http://www.wikidata.org/entity/Q159846","Paramount Pictures"
"http://www.wikidata.org/entity/Q18915082","tt0010368","http://www.wikidata.org/entity/Q159846","Paramount Pictures"
"http://www.wikidata.org/entity/Q19363580","tt0019826","http://www.wikidata.org/entity/Q159846","Paramount Pictures"
"http://www.wikidata.org/entity/Q7639837","tt0011743","http://www.wikidata.org/entity/Q168383","Universal Pictures"
"http://www.wikidata.org/entity/Q3305139","tt0125397","http://www.wikidata.org/entity/Q540590","Mutual Film"
"http://www.wikidata.org/entity/Q728539","tt0435705","http://www.wikidata.org/entity/Q907311","Netflix"
"http://www.wikidata.org/entity/Q55762030","tt0018747","http://www.wikidata.org/entity/Q1414304","Film Booking Offices of America"
"http://www.wikidata.org/entity/Q72398929","tt7573844","http://www.wikidata.org/entity/Q54958752","Disney+"
"http://www.wikidata.org/entity/Q16252282","tt0012359","http://www.wikidata.org/entity/Q2644123","Fox Film Corporation"
"http://www.wikidata.org/entity/Q62595464","tt0195826","http://www.wikidata.org/entity/Q3368737","Pathé Exchange"
"http://www.wikidata.org/entity/Q120255852","tt5174992","http://www.wikidata.org/entity/Q5597985","Gravitas Ventures"
"http://www.wikidata.org/entity/Q114850108","tt22394694","http://www.wikidata.org/entity/Q17076072","Lionsgate Films"
"http://www.wikidata.org/entity/Q5331507","tt0013095","http://www.wikidata.org/entity/Q159846","Paramount Pictures"
"http://www.wikidata.org/entity/Q11710613","tt0027780","http://www.wikidata.org/entity/Q159846","Paramount Pictures"
"http://www.wikidata.org/entity/Q18914935","tt0012097","http://www.wikidata.org/entity/Q159846","Paramount Pictures"
"http://www.wikidata.org/entity/Q106994644","tt14001894","http://www.wikidata.org/entity/Q159846","Paramount Pictures"
"http://www.wikidata.org/entity/Q3646857","tt0011036","http://www.wikidata.org/entity/Q168383","Universal Pictures"
"http://www.wikidata.org/entity/Q56452577","tt0014752","http://www.wikidata.org/entity/Q168383","Universal Pictures"
"http://www.wikidata.org/entity/Q107808351","tt9362930","http://www.wikidata.org/entity/Q126399","Warner Bros."
"http://www.wikidata.org/entity/Q99528828","tt0010032","http://www.wikidata.org/entity/Q179922","Goldwyn Pictures"
"http://www.wikidata.org/entity/Q3842257","tt0008241","http://www.wikidata.org/entity/Q434841","20th Century Studios"
"http://www.wikidata.org/entity/Q2957846","tt0007783","http://www.wikidata.org/entity/Q540590","Mutual Film"
"http://www.wikidata.org/entity/Q109941604","tt12610794","http://www.wikidata.org/entity/Q907311","Netflix"
"http://www.wikidata.org/entity/Q107808351","tt9362930","http://www.wikidata.org/entity/Q1097348","InterCom"
"http://www.wikidata.org/entity/Q17400169","tt0187752","http://www.wikidata.org/entity/Q1414304","Film Booking Offices of America"
"http://www.wikidata.org/entity/Q48671481","tt0015397","http://www.wikidata.org/entity/Q2644123","Fox Film Corporation"
"http://www.wikidata.org/entity/Q51926773","tt0184356","http://www.wikidata.org/entity/Q3368737","Pathé Exchange"
"http://www.wikidata.org/entity/Q120690371","tt21291992","http://www.wikidata.org/entity/Q4005797","Universal Studios Home Entertainment"
"http://www.wikidata.org/entity/Q7432260","tt0147363","http://www.wikidata.org/entity/Q5015198","Caballero Home Video"
"http://www.wikidata.org/entity/Q43302548","tt0014766","http://www.wikidata.org/entity/Q7247697","Producers Distributing Corporation"
"http://www.wikidata.org/entity/Q7719435","tt0004992","http://www.wikidata.org/entity/Q8035724","World Film Company"
"http://www.wikidata.org/entity/Q120378948","tt10572658","http://www.wikidata.org/entity/Q18395323","Vertical Entertainment"
"http://www.wikidata.org/entity/Q106994644","tt14001894","http://www.wikidata.org/entity/Q27903045","Paramount+"
"http://www.wikidata.org/entity/Q122974345","tt27619382","http://www.wikidata.org/entity/Q28137015","Shudder"
"http://www.wikidata.org/entity/Q122974345","tt27619382","http://www.wikidata.org/entity/Q30277272","RLJE Films"
"http://www.wikidata.org/entity/Q107808351","tt9362930","http://www.wikidata.org/entity/Q52992386","Warner Bros. France"
"http://www.wikidata.org/entity/Q73897634","tt10649016","http://www.wikidata.org/entity/Q54958752","Disney+"
"http://www.wikidata.org/entity/Q3358589","tt0008398","http://www.wikidata.org/entity/Q159846","Paramount Pictures"
"http://www.wikidata.org/entity/Q7728836","tt0005170","http://www.wikidata.org/entity/Q159846","Paramount Pictures"
"http://www.wikidata.org/entity/Q19363743","tt0196827","http://www.wikidata.org/entity/Q159846","Paramount Pictures"
"http://www.wikidata.org/entity/Q18151989","tt0095556","http://www.wikidata.org/entity/Q79202","New Line Cinema"
"http://www.wikidata.org/entity/Q48671562","tt0016313","http://www.wikidata.org/entity/Q126399","Warner Bros."
"http://www.wikidata.org/entity/Q7498147","tt0011687","http://www.wikidata.org/entity/Q168383","Universal Pictures"
"http://www.wikidata.org/entity/Q7711167","tt0009688","http://www.wikidata.org/entity/Q168383","Universal Pictures"
"http://www.wikidata.org/entity/Q52122035","tt0171776","http://www.wikidata.org/entity/Q179922","Goldwyn Pictures"
"http://www.wikidata.org/entity/Q3519726","tt0013818","http://www.wikidata.org/entity/Q1188369","First National"
"http://www.wikidata.org/entity/Q18511504","tt0012413","http://www.wikidata.org/entity/Q1188369","First National"
"http://www.wikidata.org/entity/Q55081823","tt0017785","http://www.wikidata.org/entity/Q1188369","First National"
"http://www.wikidata.org/entity/Q56550947","tt0014033","http://www.wikidata.org/entity/Q1414304","Film Booking Offices of America"
"http://www.wikidata.org/entity/Q19867407","tt0011029","http://www.wikidata.org/entity/Q1418400","Vitagraph Studios"
"http://www.wikidata.org/entity/Q96375979","tt10926320","http://www.wikidata.org/entity/Q2910457","IFC Films"
"http://www.wikidata.org/entity/Q7711194","tt0012747","http://www.wikidata.org/entity/Q3368737","Pathé Exchange"
"http://www.wikidata.org/entity/Q100323279","tt10954364","http://www.wikidata.org/entity/Q4740868","Amazon MGM Studios"
"http://www.wikidata.org/entity/Q104872276","tt0130635","http://www.wikidata.org/entity/Q104872180","Lee-Bradford Corporation"
"http://www.wikidata.org/entity/Q116929812","tt7846958","http://www.wikidata.org/entity/Q116929992","Amusement Picture Corporation"
"http://www.wikidata.org/entity/Q122231675","tt14509110","http://www.wikidata.org/entity/Q1630304","Hulu"
"http://www.wikidata.org/entity/Q122231675","tt14509110","http://www.wikidata.org/entity/Q54958752","Disney+"
"http://www.wikidata.org/entity/Q3987697","tt0012318","http://www.wikidata.org/entity/Q159846","Paramount Pictures"
"http://www.wikidata.org/entity/Q3989099","tt0005984","http://www.wikidata.org/entity/Q159846","Paramount Pictures"
"http://www.wikidata.org/entity/Q7771429","tt0008717","http://www.wikidata.org/entity/Q159846","Paramount Pictures"
"http://www.wikidata.org/entity/Q47500746","tt0151587","http://www.wikidata.org/entity/Q159846","Paramount Pictures"
"http://www.wikidata.org/entity/Q105970894","tt12412888","http://www.wikidata.org/entity/Q159846","Paramount Pictures"
"http://www.wikidata.org/entity/Q7763607","tt0020392","http://www.wikidata.org/entity/Q168383","Universal Pictures"
"http://www.wikidata.org/entity/Q18151912","tt0006941","http://www.wikidata.org/entity/Q168383","Universal Pictures"
"http://www.wikidata.org/entity/Q110413905","tt0012120","http://www.wikidata.org/entity/Q168383","Universal Pictures"
"http://www.wikidata.org/entity/Q3958320","tt0089997","http://www.wikidata.org/entity/Q126399","Warner Bros."
"http://www.wikidata.org/entity/Q3811536","tt0184631","http://www.wikidata.org/entity/Q179922","Goldwyn Pictures"
"http://www.wikidata.org/entity/Q105970894","tt12412888","http://www.wikidata.org/entity/Q1329615","UIP-Dunafilm"
"http://www.wikidata.org/entity/Q3730104","tt0004636","http://www.wikidata.org/entity/Q2644123","Fox Film Corporation"
"http://www.wikidata.org/entity/Q3989388","tt0006075","http://www.wikidata.org/entity/Q2644123","Fox Film Corporation"
"http://www.wikidata.org/entity/Q30634331","tt0010873","http://www.wikidata.org/entity/Q2644123","Fox Film Corporation"
"http://www.wikidata.org/entity/Q48674649","tt0015110","http://www.wikidata.org/entity/Q2644123","Fox Film Corporation"
"http://www.wikidata.org/entity/Q108760382","tt14230458","http://www.wikidata.org/entity/Q191224","Walt Disney Pictures"
"http://www.wikidata.org/entity/Q7847203","tt0260440","http://www.wikidata.org/entity/Q640786","Troma Entertainment"
"http://www.wikidata.org/entity/Q5277784","tt0006594","http://www.wikidata.org/entity/Q650331","Metro Pictures"
"http://www.wikidata.org/entity/Q108760382","tt14230458","http://www.wikidata.org/entity/Q953040","Searchlight Pictures"
"http://www.wikidata.org/entity/Q7775473","tt0013778","http://www.wikidata.org/entity/Q1188369","First National"
"http://www.wikidata.org/entity/Q116039494","tt0023182","http://www.wikidata.org/entity/Q2756484","Monogram Pictures"
"http://www.wikidata.org/entity/Q48674145","tt0013485","http://www.wikidata.org/entity/Q3237295","Lewis J. Selznick"
"http://www.wikidata.org/entity/Q16252029","tt0018039","http://www.wikidata.org/entity/Q7247697","Producers Distributing Corporation"
"http://www.wikidata.org/entity/Q7560089","tt0012712","http://www.wikidata.org/entity/Q7301186","Realart Pictures Inc."
"http://www.wikidata.org/entity/Q100801718","tt10731256","http://www.wikidata.org/entity/Q8016302","Warner Bros. Pictures"
"http://www.wikidata.org/entity/Q114414893","tt20101986","http://www.wikidata.org/entity/Q65359104","Max"
"http://www.wikidata.org/entity/Q3753712","tt0133781","http://www.wikidata.org/entity/Q159846","Paramount Pictures"
"http://www.wikidata.org/entity/Q3988116","tt0178719","http://www.wikidata.org/entity/Q159846","Paramount Pictures"
"http://www.wikidata.org/entity/Q7770909","tt0010811","http://www.wikidata.org/entity/Q159846","Paramount Pictures"
"http://www.wikidata.org/entity/Q7774546","tt0006279","http://www.wikidata.org/entity/Q159846","Paramount Pictures"
"http://www.wikidata.org/entity/Q19364001","tt0012860","http://www.wikidata.org/entity/Q159846","Paramount Pictures"
"http://www.wikidata.org/entity/Q7750098","tt0010425","http://www.wikidata.org/entity/Q168383","Universal Pictures"
"http://www.wikidata.org/entity/Q20657241","tt0012425","http://www.wikidata.org/entity/Q168383","Universal Pictures"
"http://www.wikidata.org/entity/Q54621564","tt0015481","http://www.wikidata.org/entity/Q168383","Universal Pictures"
"http://www.wikidata.org/entity/Q110404715","tt0012772","http://www.wikidata.org/entity/Q168383","Universal Pictures"
"http://www.wikidata.org/entity/Q117323743","tt14362112","http://www.wikidata.org/entity/Q168383","Universal Pictures"
"http://www.wikidata.org/entity/Q60686191","tt0459406","http://www.wikidata.org/entity/Q1323594","Walt Disney Studios Motion Pictures"
"http://www.wikidata.org/entity/Q16028643","tt0011402","http://www.wikidata.org/entity/Q1414304","Film Booking Offices of America"
"http://www.wikidata.org/entity/Q23035182","tt0011519","http://www.wikidata.org/entity/Q1414304","Film Booking Offices of America"
"http://www.wikidata.org/entity/Q18151541","tt0011384","http://www.wikidata.org/entity/Q2644123","Fox Film Corporation"
"http://www.wikidata.org/entity/Q8028689","tt0009823","http://www.wikidata.org/entity/Q3368737","Pathé Exchange"
"http://www.wikidata.org/entity/Q62595469","tt0012641","http://www.wikidata.org/entity/Q3368737","Pathé Exchange"
"http://www.wikidata.org/entity/Q62595490","tt0178098","http://www.wikidata.org/entity/Q3368737","Pathé Exchange"
"http://www.wikidata.org/entity/Q62595499","tt0011312","http://www.wikidata.org/entity/Q3368737","Pathé Exchange"
"http://www.wikidata.org/entity/Q7738477","tt0184539","http://www.wikidata.org/entity/Q3739165","Famous Players-Lasky Corporation"
"http://www.wikidata.org/entity/Q107210110","tt14824600","http://www.wikidata.org/entity/Q8016302","Warner Bros. Pictures"
"http://www.wikidata.org/entity/Q107174193","tt5090568","http://www.wikidata.org/entity/Q1329615","UIP-Dunafilm"
"http://www.wikidata.org/entity/Q117323743","tt14362112","http://www.wikidata.org/entity/Q1329615","UIP-Dunafilm"
"http://www.wikidata.org/entity/Q116947749","tt13756106","http://www.wikidata.org/entity/Q2910457","IFC Films"
"http://www.wikidata.org/entity/Q47500738","tt0016529","http://www.wikidata.org/entity/Q126399","Warner Bros."
"http://www.wikidata.org/entity/Q7775438","tt0006300","http://www.wikidata.org/entity/Q168383","Universal Pictures"
"http://www.wikidata.org/entity/Q25217892","tt0010745","http://www.wikidata.org/entity/Q168383","Universal Pictures"
"http://www.wikidata.org/entity/Q55740814","tt0013714","http://www.wikidata.org/entity/Q168383","Universal Pictures"
"http://www.wikidata.org/entity/Q18612029","tt0012822","http://www.wikidata.org/entity/Q159846","Paramount Pictures"
"http://www.wikidata.org/entity/Q104881782","tt0015462","http://www.wikidata.org/entity/Q104876133","Aywon Film Corporation"
"http://www.wikidata.org/entity/Q7756688","tt0015221","http://www.wikidata.org/entity/Q1188369","First National"
"http://www.wikidata.org/entity/Q21528142","tt0018456","http://www.wikidata.org/entity/Q1188369","First National"
"http://www.wikidata.org/entity/Q63565885","tt0012488","http://www.wikidata.org/entity/Q1188369","First National"
"http://www.wikidata.org/entity/Q7748922","tt0163073","http://www.wikidata.org/entity/Q540590","Mutual Film"
"http://www.wikidata.org/entity/Q108123132","tt14814040","http://www.wikidata.org/entity/Q953040","Searchlight Pictures"
"http://www.wikidata.org/entity/Q89474225","tt10676048","http://www.wikidata.org/entity/Q1005887","Fórum Hungary"
"http://www.wikidata.org/entity/Q104845027","tt8097030","http://www.wikidata.org/entity/Q1005887","Fórum Hungary"
"http://www.wikidata.org/entity/Q104845027","tt8097030","http://www.wikidata.org/entity/Q1323594","Walt Disney Studios Motion Pictures"
"http://www.wikidata.org/entity/Q4019588","tt0011864","http://www.wikidata.org/entity/Q1414304","Film Booking Offices of America"
"http://www.wikidata.org/entity/Q7744200","tt0013290","http://www.wikidata.org/entity/Q1414304","Film Booking Offices of America"
"http://www.wikidata.org/entity/Q4004587","tt0009745","http://www.wikidata.org/entity/Q2644123","Fox Film Corporation"
"http://www.wikidata.org/entity/Q7763774","tt0015323","http://www.wikidata.org/entity/Q2644123","Fox Film Corporation"
"http://www.wikidata.org/entity/Q89474225","tt10676048","http://www.wikidata.org/entity/Q47695407","Walt Disney Studios Motion Pictures International"
"http://www.wikidata.org/entity/Q113679401","tt0017563","http://www.wikidata.org/entity/Q55631243","Rayart Pictures"
"http://www.wikidata.org/entity/Q3987442","tt0006751","http://www.wikidata.org/entity/Q24679","Triangle Film Corporation"
"http://www.wikidata.org/entity/Q3522925","tt0019436","http://www.wikidata.org/entity/Q159846","Paramount Pictures"
"http://www.wikidata.org/entity/Q17044506","tt0012407","http://www.wikidata.org/entity/Q159846","Paramount Pictures"
"http://www.wikidata.org/entity/Q116214062","tt15978956","http://www.wikidata.org/entity/Q159846","Paramount Pictures"
"http://www.wikidata.org/entity/Q3989129","tt0008538","http://www.wikidata.org/entity/Q168383","Universal Pictures"
"http://www.wikidata.org/entity/Q3990051","tt0013771","http://www.wikidata.org/entity/Q168383","Universal Pictures"
"http://www.wikidata.org/entity/Q19882016","tt0017582","http://www.wikidata.org/entity/Q168383","Universal Pictures"
"http://www.wikidata.org/entity/Q27962773","tt0014479","http://www.wikidata.org/entity/Q168383","Universal Pictures"
"http://www.wikidata.org/entity/Q7771412","tt0159072","http://www.wikidata.org/entity/Q540590","Mutual Film"
"http://www.wikidata.org/entity/Q61664926","tt0012228","http://www.wikidata.org/entity/Q1188369","First National"
"http://www.wikidata.org/entity/Q55636336","tt0009729","http://www.wikidata.org/entity/Q3368737","Pathé Exchange"
"http://www.wikidata.org/entity/Q121298000","tt11702252","http://www.wikidata.org/entity/Q5597985","Gravitas Ventures"
"http://www.wikidata.org/entity/Q15918561","tt0010272","http://www.wikidata.org/entity/Q1414304","Film Booking Offices of America"
"http://www.wikidata.org/entity/Q112114745","tt14849194","http://www.wikidata.org/entity/Q649649","Focus Features"
"http://www.wikidata.org/entity/Q7257203","tt0472156","http://www.wikidata.org/entity/Q812893","Beacon Pictures"
"http://www.wikidata.org/entity/Q17639955","tt0012654","http://www.wikidata.org/entity/Q1188369","First National"
"http://www.wikidata.org/entity/Q55762052","tt0011889","http://www.wikidata.org/entity/Q1188369","First National"
"http://www.wikidata.org/entity/Q56736603","tt0017388","http://www.wikidata.org/entity/Q1188369","First National"
"http://www.wikidata.org/entity/Q58762353","tt0179521","http://www.wikidata.org/entity/Q1188369","First National"
"http://www.wikidata.org/entity/Q60738438","tt0015118","http://www.wikidata.org/entity/Q1188369","First National"
"http://www.wikidata.org/entity/Q60738516","tt0014587","http://www.wikidata.org/entity/Q1188369","First National"
"http://www.wikidata.org/entity/Q63119118","tt0013647","http://www.wikidata.org/entity/Q1188369","First National"
"http://www.wikidata.org/entity/Q929749","tt0008570","http://www.wikidata.org/entity/Q2644123","Fox Film Corporation"
"http://www.wikidata.org/entity/Q30634316","tt0010399","http://www.wikidata.org/entity/Q2644123","Fox Film Corporation"
"http://www.wikidata.org/entity/Q62595494","tt0012623","http://www.wikidata.org/entity/Q3368737","Pathé Exchange"
"http://www.wikidata.org/entity/Q15679244","tt0015337","http://www.wikidata.org/entity/Q7247697","Producers Distributing Corporation"
"http://www.wikidata.org/entity/Q56736614","tt0017424","http://www.wikidata.org/entity/Q7247697","Producers Distributing Corporation"
"http://www.wikidata.org/entity/Q111700745","tt18394428","http://www.wikidata.org/entity/Q21189826","Tubi"
"http://www.wikidata.org/entity/Q106362955","tt9024096","http://www.wikidata.org/entity/Q65359104","Max"
"http://www.wikidata.org/entity/Q7752228","tt0005770","http://www.wikidata.org/entity/Q159846","Paramount Pictures"
"http://www.wikidata.org/entity/Q15252427","tt0006321","http://www.wikidata.org/entity/Q159846","Paramount Pictures"
"http://www.wikidata.org/entity/Q17028989","tt0015371","http://www.wikidata.org/entity/Q159846","Paramount Pictures"
"http://www.wikidata.org/entity/Q18709104","tt0008021","http://www.wikidata.org/entity/Q159846","Paramount Pictures"
"http://www.wikidata.org/entity/Q18915050","tt0012307","http://www.wikidata.org/entity/Q159846","Paramount Pictures"
"http://www.wikidata.org/entity/Q19059441","tt0013605","http://www.wikidata.org/entity/Q159846","Paramount Pictures"
"http://www.wikidata.org/entity/Q4019478","tt0009793","http://www.wikidata.org/entity/Q168383","Universal Pictures"
"http://www.wikidata.org/entity/Q115932556","tt12584954","http://www.wikidata.org/entity/Q168383","Universal Pictures"
"http://www.wikidata.org/entity/Q7751285","tt0021143","http://www.wikidata.org/entity/Q200976","Associated British Picture Corporation"
"http://www.wikidata.org/entity/Q18152509","tt0159532","http://www.wikidata.org/entity/Q2059104","VCA Pictures"
"http://www.wikidata.org/entity/Q21869450","tt0011337","http://www.wikidata.org/entity/Q2644123","Fox Film Corporation"
"http://www.wikidata.org/entity/Q26720560","tt0010902","http://www.wikidata.org/entity/Q2644123","Fox Film Corporation"
"http://www.wikidata.org/entity/Q52781693","tt0015978","http://www.wikidata.org/entity/Q2644123","Fox Film Corporation"
"http://www.wikidata.org/entity/Q104856354","tt5932368","http://www.wikidata.org/entity/Q515869","Lionsgate"
"http://www.wikidata.org/entity/Q4019544","tt0013761","http://www.wikidata.org/entity/Q1188369","First National"
"http://www.wikidata.org/entity/Q62018326","tt0127654","http://www.wikidata.org/entity/Q1414304","Film Booking Offices of America"
"http://www.wikidata.org/entity/Q115932556","tt12584954","http://www.wikidata.org/entity/Q8016302","Warner Bros. Pictures"
"http://www.wikidata.org/entity/Q7760894","tt0007265","http://www.wikidata.org/entity/Q8035724","World Film Company"
"http://www.wikidata.org/entity/Q7742456","tt0011334","http://www.wikidata.org/entity/Q18484179","Select Pictures Corp."
"http://www.wikidata.org/entity/Q110903689","tt8851148","http://www.wikidata.org/entity/Q27903045","Paramount+"
"http://www.wikidata.org/entity/Q4660128","tt0025894","http://www.wikidata.org/entity/Q168383","Universal Pictures"
"http://www.wikidata.org/entity/Q7457324","tt0032713","http://www.wikidata.org/entity/Q168383","Universal Pictures"
"http://www.wikidata.org/entity/Q20649838","tt0189984","http://www.wikidata.org/entity/Q188307","The Salvation Army"
"http://www.wikidata.org/entity/Q50413269","tt9853686","http://www.wikidata.org/entity/Q907311","Netflix"
"http://www.wikidata.org/entity/Q106371602","tt6349210","http://www.wikidata.org/entity/Q4785214","Arcana Studio"
"http://www.wikidata.org/entity/Q22315057","tt6449342","http://www.wikidata.org/entity/Q4831520","Ayngaran International"
"http://www.wikidata.org/entity/Q106371602","tt6349210","http://www.wikidata.org/entity/Q5597985","Gravitas Ventures"
"http://www.wikidata.org/entity/Q5277997","tt10127850","http://www.wikidata.org/entity/Q7638437","Sun Pictures"
"http://www.wikidata.org/entity/Q4926523","tt1444300","http://www.wikidata.org/entity/Q7809780","Titan View"
"http://www.wikidata.org/entity/Q107460063","tt15009428","http://www.wikidata.org/entity/Q62446736","Apple TV+"
"http://www.wikidata.org/entity/Q123116668","tt21335356","http://www.wikidata.org/entity/Q67765302","Peacock"
"http://www.wikidata.org/entity/Q7966850","tt0024748","http://www.wikidata.org/entity/Q168383","Universal Pictures"
"http://www.wikidata.org/entity/Q118322393","tt15035506","http://www.wikidata.org/entity/Q27903045","Paramount+"
"http://www.wikidata.org/entity/Q118525504","tt25289836","http://www.wikidata.org/entity/Q27903045","Paramount+"
"http://www.wikidata.org/entity/Q111260098","tt16969742","http://www.wikidata.org/entity/Q47695407","Walt Disney Studios Motion Pictures International"
"http://www.wikidata.org/entity/Q116786106","tt11820950","http://www.wikidata.org/entity/Q1816526","Madman Entertainment"
"http://www.wikidata.org/entity/Q116786106","tt11820950","http://www.wikidata.org/entity/Q5383759","MGM+"
